timestamp_utc,load_1m,load_5m,load_15m,mem_available_mib,mem_total_mib,server_rss_mib,name,uuid,driver_version,utilization_gpu,utilization_memory,memory_used,memory_total,power_draw,temperature_gpu,clocks_sm,gpu_error
2026-08-09T02:17:21.172781Z,1.1064453125,2.8134765625,3.86474609375,116845.73828125,126455.4765625,888.1875,NVIDIA RTX PRO 6000 Blackwell Workstation Edition,GPU-8cfe9244-1717-6a32-51e7-29fa37aa16b7,595.84,100.0,72.0,89444.0,97887.0,415.91,75.0,2827.0,
2026-08-09T02:17:22.204063Z,1.09765625,2.783203125,3.84912109375,116822.74609375,126455.4765625,888.1875,NVIDIA RTX PRO 6000 Blackwell Workstation Edition,GPU-8cfe9244-1717-6a32-51e7-29fa37aa16b7,595.84,100.0,80.0,89444.0,97887.0,425.04,75.0,2827.0,
2026-08-09T02:17:23.227814Z,1.09765625,2.783203125,3.84912109375,116824.19140625,126455.4765625,888.1875,NVIDIA RTX PRO 6000 Blackwell Workstation Edition,GPU-8cfe9244-1717-6a32-51e7-29fa37aa16b7,595.84,100.0,63.0,89444.0,97887.0,476.26,77.0,2752.0,
2026-08-09T02:17:24.249414Z,1.09765625,2.783203125,3.84912109375,116824.33984375,126455.4765625,888.1875,NVIDIA RTX PRO 6000 Blackwell Workstation Edition,GPU-8cfe9244-1717-6a32-51e7-29fa37aa16b7,595.84,100.0,80.0,89444.0,97887.0,452.93,75.0,2797.0,
2026-08-09T02:17:25.272437Z,1.09765625,2.783203125,3.84912109375,116824.87109375,126455.4765625,888.1875,NVIDIA RTX PRO 6000 Blackwell Workstation Edition,GPU-8cfe9244-1717-6a32-51e7-29fa37aa16b7,595.84,100.0,80.0,89444.0,97887.0,437.1,75.0,2827.0,
2026-08-09T02:17:26.295131Z,1.09765625,2.783203125,3.84912109375,116826.6953125,126455.4765625,888.203125,NVIDIA RTX PRO 6000 Blackwell Workstation Edition,GPU-8cfe9244-1717-6a32-51e7-29fa37aa16b7,595.84,100.0,82.0,89444.0,97887.0,434.86,75.0,2827.0,
2026-08-09T02:17:27.316914Z,1.08935546875,2.75341796875,3.83349609375,116837.52734375,126455.4765625,888.203125,NVIDIA RTX PRO 6000 Blackwell Workstation Edition,GPU-8cfe9244-1717-6a32-51e7-29fa37aa16b7,595.84,100.0,78.0,89444.0,97887.0,454.03,75.0,2827.0,
2026-08-09T02:17:28.340417Z,1.08935546875,2.75341796875,3.83349609375,116835.28125,126455.4765625,888.203125,NVIDIA RTX PRO 6000 Blackwell Workstation Edition,GPU-8cfe9244-1717-6a32-51e7-29fa37aa16b7,595.84,100.0,78.0,89444.0,97887.0,445.93,75.0,2827.0,
2026-08-09T02:17:29.366953Z,1.08935546875,2.75341796875,3.83349609375,116842.984375,126455.4765625,888.20703125,NVIDIA RTX PRO 6000 Blackwell Workstation Edition,GPU-8cfe9244-1717-6a32-51e7-29fa37aa16b7,595.84,100.0,81.0,89444.0,97887.0,431.55,75.0,2827.0,
2026-08-09T02:17:30.388936Z,1.08935546875,2.75341796875,3.83349609375,116847.06640625,126455.4765625,888.20703125,NVIDIA RTX PRO 6000 Blackwell Workstation Edition,GPU-8cfe9244-1717-6a32-51e7-29fa37aa16b7,595.84,100.0,81.0,89444.0,97887.0,460.9,75.0,2827.0,
2026-08-09T02:17:31.411534Z,1.08935546875,2.75341796875,3.83349609375,116831.29296875,126455.4765625,888.20703125,NVIDIA RTX PRO 6000 Blackwell Workstation Edition,GPU-8cfe9244-1717-6a32-51e7-29fa37aa16b7,595.84,100.0,80.0,89444.0,97887.0,447.09,75.0,2827.0,
2026-08-09T02:17:32.434592Z,1.08203125,2.72412109375,3.81787109375,116839.2421875,126455.4765625,888.20703125,NVIDIA RTX PRO 6000 Blackwell Workstation Edition,GPU-8cfe9244-1717-6a32-51e7-29fa37aa16b7,595.84,100.0,77.0,89444.0,97887.0,477.97,79.0,2820.0,
2026-08-09T02:17:33.460800Z,1.08203125,2.72412109375,3.81787109375,116850.9453125,126455.4765625,888.21484375,NVIDIA RTX PRO 6000 Blackwell Workstation Edition,GPU-8cfe9244-1717-6a32-51e7-29fa37aa16b7,595.84,100.0,80.0,89444.0,97887.0,455.28,75.0,2805.0,
2026-08-09T02:17:34.481814Z,1.08203125,2.72412109375,3.81787109375,116835.671875,126455.4765625,888.21484375,NVIDIA RTX PRO 6000 Blackwell Workstation Edition,GPU-8cfe9244-1717-6a32-51e7-29fa37aa16b7,595.84,100.0,81.0,89444.0,97887.0,439.05,75.0,2827.0,
2026-08-09T02:17:35.504158Z,1.08203125,2.72412109375,3.81787109375,116832.2265625,126455.4765625,888.21484375,NVIDIA RTX PRO 6000 Blackwell Workstation Edition,GPU-8cfe9244-1717-6a32-51e7-29fa37aa16b7,595.84,100.0,79.0,89444.0,97887.0,447.05,75.0,2827.0,
2026-08-09T02:17:36.526292Z,1.08203125,2.72412109375,3.81787109375,116827.609375,126455.4765625,888.21484375,NVIDIA RTX PRO 6000 Blackwell Workstation Edition,GPU-8cfe9244-1717-6a32-51e7-29fa37aa16b7,595.84,100.0,74.0,89444.0,97887.0,466.3,78.0,2647.0,
2026-08-09T02:17:37.549494Z,1.0751953125,2.6953125,3.802734375,116842.640625,126455.4765625,888.21484375,NVIDIA RTX PRO 6000 Blackwell Workstation Edition,GPU-8cfe9244-1717-6a32-51e7-29fa37aa16b7,595.84,100.0,80.0,89444.0,97887.0,449.05,75.0,2805.0,
2026-08-09T02:17:38.572112Z,1.0751953125,2.6953125,3.802734375,116833.375,126455.4765625,888.21484375,NVIDIA RTX PRO 6000 Blackwell Workstation Edition,GPU-8cfe9244-1717-6a32-51e7-29fa37aa16b7,595.84,100.0,80.0,89444.0,97887.0,425.06,75.0,2827.0,
2026-08-09T02:17:39.594695Z,1.0751953125,2.6953125,3.802734375,116839.6953125,126455.4765625,888.21484375,NVIDIA RTX PRO 6000 Blackwell Workstation Edition,GPU-8cfe9244-1717-6a32-51e7-29fa37aa16b7,595.84,100.0,73.0,89444.0,97887.0,467.13,79.0,2827.0,
2026-08-09T02:17:40.616281Z,1.0751953125,2.6953125,3.802734375,116810.94140625,126455.4765625,888.21875,NVIDIA RTX PRO 6000 Blackwell Workstation Edition,GPU-8cfe9244-1717-6a32-51e7-29fa37aa16b7,595.84,100.0,79.0,89444.0,97887.0,464.42,75.0,2827.0,
2026-08-09T02:17:41.640681Z,1.0751953125,2.6953125,3.802734375,116828.60546875,126455.4765625,888.21875,NVIDIA RTX PRO 6000 Blackwell Workstation Edition,GPU-8cfe9244-1717-6a32-51e7-29fa37aa16b7,595.84,100.0,81.0,89444.0,97887.0,437.37,75.0,2827.0,
2026-08-09T02:17:42.663415Z,1.06884765625,2.6669921875,3.78759765625,116817.46875,126455.4765625,888.21875,NVIDIA RTX PRO 6000 Blackwell Workstation Edition,GPU-8cfe9244-1717-6a32-51e7-29fa37aa16b7,595.84,100.0,80.0,89444.0,97887.0,449.57,75.0,2827.0,
2026-08-09T02:17:43.687399Z,1.06884765625,2.6669921875,3.78759765625,116816.37890625,126455.4765625,888.21875,NVIDIA RTX PRO 6000 Blackwell Workstation Edition,GPU-8cfe9244-1717-6a32-51e7-29fa37aa16b7,595.84,100.0,79.0,89444.0,97887.0,449.24,79.0,2827.0,
2026-08-09T02:17:44.709456Z,1.06884765625,2.6669921875,3.78759765625,116822.0859375,126455.4765625,888.21875,NVIDIA RTX PRO 6000 Blackwell Workstation Edition,GPU-8cfe9244-1717-6a32-51e7-29fa37aa16b7,595.84,100.0,80.0,89444.0,97887.0,448.07,75.0,2827.0,
2026-08-09T02:17:45.732359Z,1.06884765625,2.6669921875,3.78759765625,116835.953125,126455.4765625,888.21875,NVIDIA RTX PRO 6000 Blackwell Workstation Edition,GPU-8cfe9244-1717-6a32-51e7-29fa37aa16b7,595.84,100.0,80.0,89444.0,97887.0,458.8,75.0,2827.0,
2026-08-09T02:17:46.749343Z,1.06884765625,2.6669921875,3.78759765625,116828.90234375,126455.4765625,888.21875,NVIDIA RTX PRO 6000 Blackwell Workstation Edition,GPU-8cfe9244-1717-6a32-51e7-29fa37aa16b7,595.84,100.0,81.0,89444.0,97887.0,455.26,75.0,2827.0,
2026-08-09T02:17:47.772686Z,1.06298828125,2.63916015625,3.7724609375,116809.59765625,126455.4765625,888.21875,NVIDIA RTX PRO 6000 Blackwell Workstation Edition,GPU-8cfe9244-1717-6a32-51e7-29fa37aa16b7,595.84,100.0,81.0,89444.0,97887.0,461.35,75.0,2827.0,
2026-08-09T02:17:48.796098Z,1.06298828125,2.63916015625,3.7724609375,116801.06640625,126455.4765625,888.21875,NVIDIA RTX PRO 6000 Blackwell Workstation Edition,GPU-8cfe9244-1717-6a32-51e7-29fa37aa16b7,595.84,100.0,82.0,89444.0,97887.0,432.26,75.0,2827.0,
2026-08-09T02:17:49.818084Z,1.06298828125,2.63916015625,3.7724609375,116784.359375,126455.4765625,888.21875,NVIDIA RTX PRO 6000 Blackwell Workstation Edition,GPU-8cfe9244-1717-6a32-51e7-29fa37aa16b7,595.84,100.0,82.0,89444.0,97887.0,454.0,75.0,2805.0,
2026-08-09T02:17:50.840680Z,1.06298828125,2.63916015625,3.7724609375,116775.19921875,126455.4765625,888.21875,NVIDIA RTX PRO 6000 Blackwell Workstation Edition,GPU-8cfe9244-1717-6a32-51e7-29fa37aa16b7,595.84,100.0,80.0,89444.0,97887.0,439.2,75.0,2812.0,
2026-08-09T02:17:51.859181Z,1.0576171875,2.61181640625,3.75732421875,116779.7109375,126455.4765625,888.21875,NVIDIA RTX PRO 6000 Blackwell Workstation Edition,GPU-8cfe9244-1717-6a32-51e7-29fa37aa16b7,595.84,100.0,82.0,89444.0,97887.0,478.01,76.0,2827.0,
2026-08-09T02:17:52.882182Z,1.0576171875,2.61181640625,3.75732421875,116819.72265625,126455.4765625,888.21875,NVIDIA RTX PRO 6000 Blackwell Workstation Edition,GPU-8cfe9244-1717-6a32-51e7-29fa37aa16b7,595.84,100.0,80.0,89444.0,97887.0,431.78,75.0,2827.0,
2026-08-09T02:17:53.905505Z,1.0576171875,2.61181640625,3.75732421875,116809.8359375,126455.4765625,888.21875,NVIDIA RTX PRO 6000 Blackwell Workstation Edition,GPU-8cfe9244-1717-6a32-51e7-29fa37aa16b7,595.84,100.0,81.0,89444.0,97887.0,447.47,75.0,2827.0,
2026-08-09T02:17:54.928461Z,1.0576171875,2.61181640625,3.75732421875,116819.46875,126455.4765625,888.21875,NVIDIA RTX PRO 6000 Blackwell Workstation Edition,GPU-8cfe9244-1717-6a32-51e7-29fa37aa16b7,595.84,100.0,81.0,89444.0,97887.0,470.13,75.0,2827.0,
2026-08-09T02:17:55.951824Z,1.0576171875,2.61181640625,3.75732421875,116741.8125,126455.4765625,888.21875,NVIDIA RTX PRO 6000 Blackwell Workstation Edition,GPU-8cfe9244-1717-6a32-51e7-29fa37aa16b7,595.84,100.0,79.0,89444.0,97887.0,450.33,76.0,2820.0,
2026-08-09T02:17:56.975062Z,1.052734375,2.5849609375,3.7421875,116806.63671875,126455.4765625,888.21875,NVIDIA RTX PRO 6000 Blackwell Workstation Edition,GPU-8cfe9244-1717-6a32-51e7-29fa37aa16b7,595.84,100.0,81.0,89444.0,97887.0,440.11,75.0,2827.0,
2026-08-09T02:17:57.998754Z,1.052734375,2.5849609375,3.7421875,116813.89453125,126455.4765625,888.21875,NVIDIA RTX PRO 6000 Blackwell Workstation Edition,GPU-8cfe9244-1717-6a32-51e7-29fa37aa16b7,595.84,100.0,80.0,89444.0,97887.0,484.45,76.0,2827.0,
2026-08-09T02:17:59.020827Z,1.052734375,2.5849609375,3.7421875,116802.58203125,126455.4765625,888.2265625,NVIDIA RTX PRO 6000 Blackwell Workstation Edition,GPU-8cfe9244-1717-6a32-51e7-29fa37aa16b7,595.84,100.0,82.0,89444.0,97887.0,464.79,76.0,2752.0,
2026-08-09T02:18:00.044426Z,1.052734375,2.5849609375,3.7421875,116787.0859375,126455.4765625,888.2265625,NVIDIA RTX PRO 6000 Blackwell Workstation Edition,GPU-8cfe9244-1717-6a32-51e7-29fa37aa16b7,595.84,100.0,80.0,89444.0,97887.0,429.17,75.0,2827.0,
2026-08-09T02:18:01.062299Z,1.052734375,2.5849609375,3.7421875,116789.20703125,126455.4765625,888.23046875,NVIDIA RTX PRO 6000 Blackwell Workstation Edition,GPU-8cfe9244-1717-6a32-51e7-29fa37aa16b7,595.84,100.0,81.0,89444.0,97887.0,472.63,77.0,2812.0,
2026-08-09T02:18:02.084552Z,1.04833984375,2.55859375,3.72705078125,116828.95703125,126455.4765625,888.23046875,NVIDIA RTX PRO 6000 Blackwell Workstation Edition,GPU-8cfe9244-1717-6a32-51e7-29fa37aa16b7,595.84,100.0,83.0,89444.0,97887.0,446.69,76.0,2827.0,
2026-08-09T02:18:03.107984Z,1.04833984375,2.55859375,3.72705078125,116827.62109375,126455.4765625,888.23828125,NVIDIA RTX PRO 6000 Blackwell Workstation Edition,GPU-8cfe9244-1717-6a32-51e7-29fa37aa16b7,595.84,100.0,80.0,89444.0,97887.0,429.39,75.0,2827.0,
2026-08-09T02:18:04.131059Z,1.04833984375,2.55859375,3.72705078125,116831.31640625,126455.4765625,888.23828125,NVIDIA RTX PRO 6000 Blackwell Workstation Edition,GPU-8cfe9244-1717-6a32-51e7-29fa37aa16b7,595.84,100.0,80.0,89444.0,97887.0,467.85,75.0,2827.0,
2026-08-09T02:18:05.155455Z,1.04833984375,2.55859375,3.72705078125,116831.61328125,126455.4765625,888.23828125,NVIDIA RTX PRO 6000 Blackwell Workstation Edition,GPU-8cfe9244-1717-6a32-51e7-29fa37aa16b7,595.84,100.0,80.0,89444.0,97887.0,454.27,76.0,2827.0,
2026-08-09T02:18:06.177740Z,1.04833984375,2.55859375,3.72705078125,116820.23046875,126455.4765625,888.2421875,NVIDIA RTX PRO 6000 Blackwell Workstation Edition,GPU-8cfe9244-1717-6a32-51e7-29fa37aa16b7,595.84,100.0,82.0,89444.0,97887.0,441.72,75.0,2827.0,
2026-08-09T02:18:07.201945Z,1.04443359375,2.53271484375,3.71240234375,116820.66796875,126455.4765625,888.2421875,NVIDIA RTX PRO 6000 Blackwell Workstation Edition,GPU-8cfe9244-1717-6a32-51e7-29fa37aa16b7,595.84,100.0,81.0,89444.0,97887.0,455.03,76.0,2782.0,
2026-08-09T02:18:08.224468Z,1.04443359375,2.53271484375,3.71240234375,116813.26171875,126455.4765625,888.2421875,NVIDIA RTX PRO 6000 Blackwell Workstation Edition,GPU-8cfe9244-1717-6a32-51e7-29fa37aa16b7,595.84,100.0,80.0,89444.0,97887.0,427.26,75.0,2827.0,
2026-08-09T02:18:09.241783Z,1.04443359375,2.53271484375,3.71240234375,116807.7578125,126455.4765625,888.2421875,NVIDIA RTX PRO 6000 Blackwell Workstation Edition,GPU-8cfe9244-1717-6a32-51e7-29fa37aa16b7,595.84,100.0,80.0,89444.0,97887.0,463.21,76.0,2827.0,
2026-08-09T02:18:10.260417Z,1.04443359375,2.53271484375,3.71240234375,116788.60546875,126455.4765625,888.2421875,NVIDIA RTX PRO 6000 Blackwell Workstation Edition,GPU-8cfe9244-1717-6a32-51e7-29fa37aa16b7,595.84,100.0,80.0,89444.0,97887.0,458.7,76.0,2827.0,
2026-08-09T02:18:11.287241Z,1.04443359375,2.53271484375,3.71240234375,116794.54296875,126455.4765625,888.2421875,NVIDIA RTX PRO 6000 Blackwell Workstation Edition,GPU-8cfe9244-1717-6a32-51e7-29fa37aa16b7,595.84,100.0,82.0,89444.0,97887.0,441.38,76.0,2827.0,
2026-08-09T02:18:12.312491Z,1.04052734375,2.5068359375,3.69775390625,116815.77734375,126455.4765625,888.24609375,NVIDIA RTX PRO 6000 Blackwell Workstation Edition,GPU-8cfe9244-1717-6a32-51e7-29fa37aa16b7,595.84,100.0,82.0,89444.0,97887.0,459.7,76.0,2677.0,
2026-08-09T02:18:13.335587Z,1.04052734375,2.5068359375,3.69775390625,116810.23828125,126455.4765625,888.24609375,NVIDIA RTX PRO 6000 Blackwell Workstation Edition,GPU-8cfe9244-1717-6a32-51e7-29fa37aa16b7,595.84,100.0,79.0,89444.0,97887.0,493.8,79.0,2677.0,
2026-08-09T02:18:14.359273Z,1.04052734375,2.5068359375,3.69775390625,116804.0390625,126455.4765625,888.24609375,NVIDIA RTX PRO 6000 Blackwell Workstation Edition,GPU-8cfe9244-1717-6a32-51e7-29fa37aa16b7,595.84,100.0,82.0,89444.0,97887.0,442.48,76.0,2827.0,
2026-08-09T02:18:15.382657Z,1.04052734375,2.5068359375,3.69775390625,116811.56640625,126455.4765625,888.24609375,NVIDIA RTX PRO 6000 Blackwell Workstation Edition,GPU-8cfe9244-1717-6a32-51e7-29fa37aa16b7,595.84,100.0,81.0,89444.0,97887.0,433.7,76.0,2827.0,
2026-08-09T02:18:16.405076Z,1.04052734375,2.5068359375,3.69775390625,116828.12890625,126455.4765625,888.24609375,NVIDIA RTX PRO 6000 Blackwell Workstation Edition,GPU-8cfe9244-1717-6a32-51e7-29fa37aa16b7,595.84,100.0,76.0,89444.0,97887.0,444.82,76.0,2805.0,
2026-08-09T02:18:17.427543Z,1.27783203125,2.53173828125,3.69970703125,116846.61328125,126455.4765625,888.265625,NVIDIA RTX PRO 6000 Blackwell Workstation Edition,GPU-8cfe9244-1717-6a32-51e7-29fa37aa16b7,595.84,100.0,80.0,89444.0,97887.0,427.96,75.0,2827.0,
2026-08-09T02:18:18.452102Z,1.27783203125,2.53173828125,3.69970703125,116832.1796875,126455.4765625,888.265625,NVIDIA RTX PRO 6000 Blackwell Workstation Edition,GPU-8cfe9244-1717-6a32-51e7-29fa37aa16b7,595.84,100.0,82.0,89444.0,97887.0,439.86,76.0,2827.0,
2026-08-09T02:18:19.476475Z,1.27783203125,2.53173828125,3.69970703125,116817.7109375,126455.4765625,888.265625,NVIDIA RTX PRO 6000 Blackwell Workstation Edition,GPU-8cfe9244-1717-6a32-51e7-29fa37aa16b7,595.84,100.0,83.0,89444.0,97887.0,462.57,77.0,2670.0,
2026-08-09T02:18:20.499782Z,1.27783203125,2.53173828125,3.69970703125,116823.82421875,126455.4765625,888.265625,NVIDIA RTX PRO 6000 Blackwell Workstation Edition,GPU-8cfe9244-1717-6a32-51e7-29fa37aa16b7,595.84,100.0,80.0,89444.0,97887.0,458.23,77.0,2677.0,
2026-08-09T02:18:21.526211Z,1.27783203125,2.53173828125,3.69970703125,116818.26953125,126455.4765625,888.265625,NVIDIA RTX PRO 6000 Blackwell Workstation Edition,GPU-8cfe9244-1717-6a32-51e7-29fa37aa16b7,595.84,100.0,81.0,89444.0,97887.0,450.7,76.0,2827.0,
2026-08-09T02:18:22.547495Z,1.25537109375,2.505859375,3.68505859375,116797.140625,126455.4765625,888.26953125,NVIDIA RTX PRO 6000 Blackwell Workstation Edition,GPU-8cfe9244-1717-6a32-51e7-29fa37aa16b7,595.84,100.0,80.0,89444.0,97887.0,430.98,76.0,2827.0,
2026-08-09T02:18:23.570640Z,1.25537109375,2.505859375,3.68505859375,116777.40234375,126455.4765625,888.28125,NVIDIA RTX PRO 6000 Blackwell Workstation Edition,GPU-8cfe9244-1717-6a32-51e7-29fa37aa16b7,595.84,100.0,81.0,89444.0,97887.0,468.55,76.0,2827.0,
2026-08-09T02:18:24.593766Z,1.25537109375,2.505859375,3.68505859375,116785.39453125,126455.4765625,888.28125,NVIDIA RTX PRO 6000 Blackwell Workstation Edition,GPU-8cfe9244-1717-6a32-51e7-29fa37aa16b7,595.84,100.0,80.0,89444.0,97887.0,460.04,78.0,2805.0,
2026-08-09T02:18:25.615106Z,1.25537109375,2.505859375,3.68505859375,116762.23046875,126455.4765625,888.296875,NVIDIA RTX PRO 6000 Blackwell Workstation Edition,GPU-8cfe9244-1717-6a32-51e7-29fa37aa16b7,595.84,100.0,81.0,89444.0,97887.0,447.0,76.0,2805.0,
2026-08-09T02:18:26.639917Z,1.25537109375,2.505859375,3.68505859375,116782.671875,126455.4765625,888.296875,NVIDIA RTX PRO 6000 Blackwell Workstation Edition,GPU-8cfe9244-1717-6a32-51e7-29fa37aa16b7,595.84,100.0,81.0,89444.0,97887.0,441.99,76.0,2827.0,
2026-08-09T02:18:27.665789Z,1.23486328125,2.48046875,3.67041015625,116758.8671875,126455.4765625,888.30078125,NVIDIA RTX PRO 6000 Blackwell Workstation Edition,GPU-8cfe9244-1717-6a32-51e7-29fa37aa16b7,595.84,100.0,82.0,89444.0,97887.0,439.9,76.0,2827.0,
2026-08-09T02:18:28.687776Z,1.23486328125,2.48046875,3.67041015625,116758.87109375,126455.4765625,888.30078125,NVIDIA RTX PRO 6000 Blackwell Workstation Edition,GPU-8cfe9244-1717-6a32-51e7-29fa37aa16b7,595.84,100.0,58.0,89444.0,97887.0,460.35,83.0,2790.0,
2026-08-09T02:18:29.711253Z,1.23486328125,2.48046875,3.67041015625,116746.05859375,126455.4765625,888.30078125,NVIDIA RTX PRO 6000 Blackwell Workstation Edition,GPU-8cfe9244-1717-6a32-51e7-29fa37aa16b7,595.84,100.0,82.0,89444.0,97887.0,459.74,76.0,2827.0,
2026-08-09T02:18:30.734968Z,1.23486328125,2.48046875,3.67041015625,116777.62890625,126455.4765625,888.31640625,NVIDIA RTX PRO 6000 Blackwell Workstation Edition,GPU-8cfe9244-1717-6a32-51e7-29fa37aa16b7,595.84,100.0,82.0,89444.0,97887.0,483.07,78.0,2677.0,
2026-08-09T02:18:31.758093Z,1.23486328125,2.48046875,3.67041015625,116781.28125,126455.4765625,888.328125,NVIDIA RTX PRO 6000 Blackwell Workstation Edition,GPU-8cfe9244-1717-6a32-51e7-29fa37aa16b7,595.84,100.0,82.0,89444.0,97887.0,445.23,76.0,2805.0,
2026-08-09T02:18:32.781466Z,1.2158203125,2.45556640625,3.65576171875,116782.5,126455.4765625,888.33984375,NVIDIA RTX PRO 6000 Blackwell Workstation Edition,GPU-8cfe9244-1717-6a32-51e7-29fa37aa16b7,595.84,100.0,80.0,89444.0,97887.0,431.45,76.0,2827.0,
2026-08-09T02:18:33.805171Z,1.2158203125,2.45556640625,3.65576171875,116771.4375,126455.4765625,888.3671875,NVIDIA RTX PRO 6000 Blackwell Workstation Edition,GPU-8cfe9244-1717-6a32-51e7-29fa37aa16b7,595.84,100.0,81.0,89444.0,97887.0,450.45,76.0,2827.0,
2026-08-09T02:18:34.826530Z,1.2158203125,2.45556640625,3.65576171875,116779.72265625,126455.4765625,888.3671875,NVIDIA RTX PRO 6000 Blackwell Workstation Edition,GPU-8cfe9244-1717-6a32-51e7-29fa37aa16b7,595.84,100.0,80.0,89444.0,97887.0,498.38,78.0,2662.0,
2026-08-09T02:18:35.848628Z,1.2158203125,2.45556640625,3.65576171875,116740.2578125,126455.4765625,888.3671875,NVIDIA RTX PRO 6000 Blackwell Workstation Edition,GPU-8cfe9244-1717-6a32-51e7-29fa37aa16b7,595.84,100.0,78.0,89444.0,97887.0,451.1,77.0,2827.0,
2026-08-09T02:18:36.867228Z,1.1982421875,2.43115234375,3.64111328125,116746.97265625,126455.4765625,888.37109375,NVIDIA RTX PRO 6000 Blackwell Workstation Edition,GPU-8cfe9244-1717-6a32-51e7-29fa37aa16b7,595.84,100.0,81.0,89444.0,97887.0,467.38,76.0,2827.0,
2026-08-09T02:18:37.889974Z,1.1982421875,2.43115234375,3.64111328125,116693.1640625,126455.4765625,888.37109375,NVIDIA RTX PRO 6000 Blackwell Workstation Edition,GPU-8cfe9244-1717-6a32-51e7-29fa37aa16b7,595.84,100.0,81.0,89444.0,97887.0,451.88,76.0,2827.0,
2026-08-09T02:18:38.913567Z,1.1982421875,2.43115234375,3.64111328125,116740.34765625,126455.4765625,888.37109375,NVIDIA RTX PRO 6000 Blackwell Workstation Edition,GPU-8cfe9244-1717-6a32-51e7-29fa37aa16b7,595.84,100.0,74.0,89444.0,97887.0,455.68,78.0,2700.0,
2026-08-09T02:18:39.936106Z,1.1982421875,2.43115234375,3.64111328125,116751.87890625,126455.4765625,888.37890625,NVIDIA RTX PRO 6000 Blackwell Workstation Edition,GPU-8cfe9244-1717-6a32-51e7-29fa37aa16b7,595.84,100.0,80.0,89444.0,97887.0,451.81,76.0,2820.0,
2026-08-09T02:18:40.958571Z,1.1982421875,2.43115234375,3.64111328125,116745.6015625,126455.4765625,888.37890625,NVIDIA RTX PRO 6000 Blackwell Workstation Edition,GPU-8cfe9244-1717-6a32-51e7-29fa37aa16b7,595.84,100.0,80.0,89444.0,97887.0,435.76,76.0,2827.0,
2026-08-09T02:18:41.974700Z,1.18212890625,2.4072265625,3.62646484375,116736.6328125,126455.4765625,888.37890625,NVIDIA RTX PRO 6000 Blackwell Workstation Edition,GPU-8cfe9244-1717-6a32-51e7-29fa37aa16b7,595.84,100.0,81.0,89444.0,97887.0,461.5,76.0,2827.0,
2026-08-09T02:18:42.996394Z,1.18212890625,2.4072265625,3.62646484375,116760.0859375,126455.4765625,888.37890625,NVIDIA RTX PRO 6000 Blackwell Workstation Edition,GPU-8cfe9244-1717-6a32-51e7-29fa37aa16b7,595.84,100.0,81.0,89444.0,97887.0,463.46,76.0,2692.0,
2026-08-09T02:18:44.019576Z,1.18212890625,2.4072265625,3.62646484375,116783.46484375,126455.4765625,888.39453125,NVIDIA RTX PRO 6000 Blackwell Workstation Edition,GPU-8cfe9244-1717-6a32-51e7-29fa37aa16b7,595.84,100.0,82.0,89444.0,97887.0,450.35,76.0,2805.0,
2026-08-09T02:18:45.042956Z,1.18212890625,2.4072265625,3.62646484375,116784.87890625,126455.4765625,888.39453125,NVIDIA RTX PRO 6000 Blackwell Workstation Edition,GPU-8cfe9244-1717-6a32-51e7-29fa37aa16b7,595.84,100.0,81.0,89444.0,97887.0,430.45,76.0,2827.0,
2026-08-09T02:18:46.066370Z,1.18212890625,2.4072265625,3.62646484375,116774.8046875,126455.4765625,888.39453125,NVIDIA RTX PRO 6000 Blackwell Workstation Edition,GPU-8cfe9244-1717-6a32-51e7-29fa37aa16b7,595.84,100.0,80.0,89444.0,97887.0,449.68,77.0,2790.0,
2026-08-09T02:18:47.088712Z,1.16748046875,2.3837890625,3.6123046875,116767.8359375,126455.4765625,888.3984375,NVIDIA RTX PRO 6000 Blackwell Workstation Edition,GPU-8cfe9244-1717-6a32-51e7-29fa37aa16b7,595.84,100.0,82.0,89444.0,97887.0,460.88,76.0,2827.0,
2026-08-09T02:18:48.112424Z,1.16748046875,2.3837890625,3.6123046875,116764.2265625,126455.4765625,888.3984375,NVIDIA RTX PRO 6000 Blackwell Workstation Edition,GPU-8cfe9244-1717-6a32-51e7-29fa37aa16b7,595.84,100.0,80.0,89444.0,97887.0,440.36,76.0,2805.0,
2026-08-09T02:18:49.135427Z,1.16748046875,2.3837890625,3.6123046875,116811.4140625,126455.4765625,888.40234375,NVIDIA RTX PRO 6000 Blackwell Workstation Edition,GPU-8cfe9244-1717-6a32-51e7-29fa37aa16b7,595.84,100.0,80.0,89444.0,97887.0,437.64,76.0,2827.0,
2026-08-09T02:18:50.160835Z,1.16748046875,2.3837890625,3.6123046875,116801.98046875,126455.4765625,888.4140625,NVIDIA RTX PRO 6000 Blackwell Workstation Edition,GPU-8cfe9244-1717-6a32-51e7-29fa37aa16b7,595.84,100.0,81.0,89444.0,97887.0,492.71,76.0,2790.0,
2026-08-09T02:18:51.183426Z,1.16748046875,2.3837890625,3.6123046875,116795.1640625,126455.4765625,888.421875,NVIDIA RTX PRO 6000 Blackwell Workstation Edition,GPU-8cfe9244-1717-6a32-51e7-29fa37aa16b7,595.84,100.0,79.0,89444.0,97887.0,450.52,77.0,2820.0,
2026-08-09T02:18:52.205722Z,1.15380859375,2.3603515625,3.59814453125,116784.33984375,126455.4765625,888.4453125,NVIDIA RTX PRO 6000 Blackwell Workstation Edition,GPU-8cfe9244-1717-6a32-51e7-29fa37aa16b7,595.84,100.0,81.0,89444.0,97887.0,432.82,76.0,2827.0,
2026-08-09T02:18:53.228728Z,1.15380859375,2.3603515625,3.59814453125,116777.19921875,126455.4765625,888.4765625,NVIDIA RTX PRO 6000 Blackwell Workstation Edition,GPU-8cfe9244-1717-6a32-51e7-29fa37aa16b7,595.84,100.0,79.0,89444.0,97887.0,444.82,76.0,2827.0,
2026-08-09T02:18:54.251835Z,1.15380859375,2.3603515625,3.59814453125,116804.91796875,126455.4765625,888.484375,NVIDIA RTX PRO 6000 Blackwell Workstation Edition,GPU-8cfe9244-1717-6a32-51e7-29fa37aa16b7,595.84,100.0,81.0,89444.0,97887.0,437.59,76.0,2827.0,
2026-08-09T02:18:55.274020Z,1.15380859375,2.3603515625,3.59814453125,116805.23046875,126455.4765625,888.484375,NVIDIA RTX PRO 6000 Blackwell Workstation Edition,GPU-8cfe9244-1717-6a32-51e7-29fa37aa16b7,595.84,100.0,83.0,89444.0,97887.0,454.02,76.0,2827.0,
2026-08-09T02:18:56.294362Z,1.15380859375,2.3603515625,3.59814453125,116810.609375,126455.4765625,888.484375,NVIDIA RTX PRO 6000 Blackwell Workstation Edition,GPU-8cfe9244-1717-6a32-51e7-29fa37aa16b7,595.84,100.0,78.0,89444.0,97887.0,466.73,77.0,2677.0,
2026-08-09T02:18:57.315677Z,1.14111328125,2.33740234375,3.583984375,116802.07421875,126455.4765625,888.484375,NVIDIA RTX PRO 6000 Blackwell Workstation Edition,GPU-8cfe9244-1717-6a32-51e7-29fa37aa16b7,595.84,100.0,70.0,89444.0,97887.0,445.48,81.0,2827.0,
2026-08-09T02:18:58.338098Z,1.14111328125,2.33740234375,3.583984375,116797.546875,126455.4765625,888.484375,NVIDIA RTX PRO 6000 Blackwell Workstation Edition,GPU-8cfe9244-1717-6a32-51e7-29fa37aa16b7,595.84,100.0,81.0,89444.0,97887.0,508.06,78.0,2670.0,
2026-08-09T02:18:59.359614Z,1.14111328125,2.33740234375,3.583984375,116816.484375,126455.4765625,888.4921875,NVIDIA RTX PRO 6000 Blackwell Workstation Edition,GPU-8cfe9244-1717-6a32-51e7-29fa37aa16b7,595.84,100.0,83.0,89444.0,97887.0,433.49,76.0,2827.0,
2026-08-09T02:19:00.384596Z,1.14111328125,2.33740234375,3.583984375,116822.92578125,126455.4765625,888.53515625,NVIDIA RTX PRO 6000 Blackwell Workstation Edition,GPU-8cfe9244-1717-6a32-51e7-29fa37aa16b7,595.84,100.0,81.0,89444.0,97887.0,435.57,76.0,2827.0,
2026-08-09T02:19:01.408051Z,1.14111328125,2.33740234375,3.583984375,116796.24609375,126455.4765625,888.5390625,NVIDIA RTX PRO 6000 Blackwell Workstation Edition,GPU-8cfe9244-1717-6a32-51e7-29fa37aa16b7,595.84,100.0,82.0,89444.0,97887.0,461.45,76.0,2827.0,
2026-08-09T02:19:02.431161Z,1.12939453125,2.31494140625,3.56982421875,116788.30859375,126455.4765625,888.5390625,NVIDIA RTX PRO 6000 Blackwell Workstation Edition,GPU-8cfe9244-1717-6a32-51e7-29fa37aa16b7,595.84,100.0,81.0,89444.0,97887.0,470.4,76.0,2827.0,
2026-08-09T02:19:03.453745Z,1.12939453125,2.31494140625,3.56982421875,116791.95703125,126455.4765625,888.5390625,NVIDIA RTX PRO 6000 Blackwell Workstation Edition,GPU-8cfe9244-1717-6a32-51e7-29fa37aa16b7,595.84,100.0,82.0,89444.0,97887.0,431.83,77.0,2827.0,
2026-08-09T02:19:04.478349Z,1.12939453125,2.31494140625,3.56982421875,116808.31640625,126455.4765625,888.5390625,NVIDIA RTX PRO 6000 Blackwell Workstation Edition,GPU-8cfe9244-1717-6a32-51e7-29fa37aa16b7,595.84,100.0,81.0,89444.0,97887.0,459.83,77.0,2677.0,
2026-08-09T02:19:05.495576Z,1.12939453125,2.31494140625,3.56982421875,116806.80078125,126455.4765625,888.5390625,NVIDIA RTX PRO 6000 Blackwell Workstation Edition,GPU-8cfe9244-1717-6a32-51e7-29fa37aa16b7,595.84,100.0,81.0,89444.0,97887.0,501.2,77.0,2670.0,
2026-08-09T02:19:06.519123Z,1.12939453125,2.31494140625,3.56982421875,116796.15625,126455.4765625,888.54296875,NVIDIA RTX PRO 6000 Blackwell Workstation Edition,GPU-8cfe9244-1717-6a32-51e7-29fa37aa16b7,595.84,100.0,80.0,89444.0,97887.0,443.01,79.0,2827.0,
2026-08-09T02:19:07.540186Z,1.11865234375,2.29296875,3.5556640625,116790.58203125,126455.4765625,888.546875,NVIDIA RTX PRO 6000 Blackwell Workstation Edition,GPU-8cfe9244-1717-6a32-51e7-29fa37aa16b7,595.84,100.0,80.0,89444.0,97887.0,443.57,76.0,2827.0,
2026-08-09T02:19:08.562183Z,1.11865234375,2.29296875,3.5556640625,116776.8359375,126455.4765625,888.546875,NVIDIA RTX PRO 6000 Blackwell Workstation Edition,GPU-8cfe9244-1717-6a32-51e7-29fa37aa16b7,595.84,100.0,84.0,89444.0,97887.0,455.02,77.0,2827.0,
2026-08-09T02:19:09.587541Z,1.11865234375,2.29296875,3.5556640625,116781.296875,126455.4765625,888.546875,NVIDIA RTX PRO 6000 Blackwell Workstation Edition,GPU-8cfe9244-1717-6a32-51e7-29fa37aa16b7,595.84,100.0,81.0,89444.0,97887.0,440.4,79.0,2827.0,
2026-08-09T02:19:10.611329Z,1.11865234375,2.29296875,3.5556640625,116781.79296875,126455.4765625,888.546875,NVIDIA RTX PRO 6000 Blackwell Workstation Edition,GPU-8cfe9244-1717-6a32-51e7-29fa37aa16b7,595.84,100.0,80.0,89444.0,97887.0,464.25,76.0,2752.0,
2026-08-09T02:19:11.635851Z,1.11865234375,2.29296875,3.5556640625,116747.0859375,126455.4765625,888.546875,NVIDIA RTX PRO 6000 Blackwell Workstation Edition,GPU-8cfe9244-1717-6a32-51e7-29fa37aa16b7,595.84,100.0,71.0,89444.0,97887.0,470.0,78.0,2707.0,
2026-08-09T02:19:12.663158Z,1.10888671875,2.271484375,3.54150390625,116771.29296875,126455.4765625,888.55078125,NVIDIA RTX PRO 6000 Blackwell Workstation Edition,GPU-8cfe9244-1717-6a32-51e7-29fa37aa16b7,595.84,100.0,80.0,89444.0,97887.0,442.87,76.0,2827.0,
2026-08-09T02:19:13.681307Z,1.10888671875,2.271484375,3.54150390625,116774.91796875,126455.4765625,888.55078125,NVIDIA RTX PRO 6000 Blackwell Workstation Edition,GPU-8cfe9244-1717-6a32-51e7-29fa37aa16b7,595.84,100.0,81.0,89444.0,97887.0,458.64,76.0,2827.0,
2026-08-09T02:19:14.704896Z,1.10888671875,2.271484375,3.54150390625,116815.7421875,126455.4765625,888.5546875,NVIDIA RTX PRO 6000 Blackwell Workstation Edition,GPU-8cfe9244-1717-6a32-51e7-29fa37aa16b7,595.84,100.0,81.0,89444.0,97887.0,447.64,76.0,2827.0,
2026-08-09T02:19:15.728652Z,1.10888671875,2.271484375,3.54150390625,116762.29296875,126455.4765625,888.5546875,NVIDIA RTX PRO 6000 Blackwell Workstation Edition,GPU-8cfe9244-1717-6a32-51e7-29fa37aa16b7,595.84,100.0,81.0,89444.0,97887.0,461.33,76.0,2805.0,
2026-08-09T02:19:16.749445Z,1.10888671875,2.271484375,3.54150390625,116770.5078125,126455.4765625,888.5546875,NVIDIA RTX PRO 6000 Blackwell Workstation Edition,GPU-8cfe9244-1717-6a32-51e7-29fa37aa16b7,595.84,100.0,80.0,89444.0,97887.0,429.96,76.0,2827.0,
2026-08-09T02:19:17.765829Z,1.10009765625,2.25,3.52783203125,116749.25390625,126455.4765625,888.5546875,NVIDIA RTX PRO 6000 Blackwell Workstation Edition,GPU-8cfe9244-1717-6a32-51e7-29fa37aa16b7,595.84,100.0,80.0,89444.0,97887.0,470.69,76.0,2827.0,
2026-08-09T02:19:18.787928Z,1.10009765625,2.25,3.52783203125,116759.28515625,126455.4765625,888.5546875,NVIDIA RTX PRO 6000 Blackwell Workstation Edition,GPU-8cfe9244-1717-6a32-51e7-29fa37aa16b7,595.84,100.0,59.0,89444.0,97887.0,467.1,83.0,2782.0,
2026-08-09T02:19:19.811046Z,1.10009765625,2.25,3.52783203125,116725.68359375,126455.4765625,888.5546875,NVIDIA RTX PRO 6000 Blackwell Workstation Edition,GPU-8cfe9244-1717-6a32-51e7-29fa37aa16b7,595.84,100.0,81.0,89444.0,97887.0,466.08,76.0,2827.0,
2026-08-09T02:19:20.835599Z,1.10009765625,2.25,3.52783203125,116761.2421875,126455.4765625,888.5546875,NVIDIA RTX PRO 6000 Blackwell Workstation Edition,GPU-8cfe9244-1717-6a32-51e7-29fa37aa16b7,595.84,100.0,82.0,89444.0,97887.0,445.57,76.0,2820.0,
2026-08-09T02:19:21.857100Z,1.10009765625,2.25,3.52783203125,116782.54296875,126455.4765625,888.5546875,NVIDIA RTX PRO 6000 Blackwell Workstation Edition,GPU-8cfe9244-1717-6a32-51e7-29fa37aa16b7,595.84,100.0,80.0,89444.0,97887.0,439.92,76.0,2805.0,
2026-08-09T02:19:22.875978Z,1.17236328125,2.24560546875,3.51953125,116788.2734375,126455.4765625,888.5546875,NVIDIA RTX PRO 6000 Blackwell Workstation Edition,GPU-8cfe9244-1717-6a32-51e7-29fa37aa16b7,595.84,100.0,80.0,89444.0,97887.0,480.7,76.0,2827.0,
2026-08-09T02:19:23.898717Z,1.17236328125,2.24560546875,3.51953125,116789.27734375,126455.4765625,888.5546875,NVIDIA RTX PRO 6000 Blackwell Workstation Edition,GPU-8cfe9244-1717-6a32-51e7-29fa37aa16b7,595.84,100.0,82.0,89444.0,97887.0,429.44,76.0,2827.0,
2026-08-09T02:19:24.921470Z,1.17236328125,2.24560546875,3.51953125,116790.98046875,126455.4765625,888.5546875,NVIDIA RTX PRO 6000 Blackwell Workstation Edition,GPU-8cfe9244-1717-6a32-51e7-29fa37aa16b7,595.84,100.0,82.0,89444.0,97887.0,445.09,76.0,2827.0,
2026-08-09T02:19:25.945296Z,1.17236328125,2.24560546875,3.51953125,116820.04296875,126455.4765625,888.5546875,NVIDIA RTX PRO 6000 Blackwell Workstation Edition,GPU-8cfe9244-1717-6a32-51e7-29fa37aa16b7,595.84,100.0,81.0,89444.0,97887.0,440.23,76.0,2827.0,
2026-08-09T02:19:26.970858Z,1.158203125,2.224609375,3.505859375,116828.41796875,126455.4765625,888.5546875,NVIDIA RTX PRO 6000 Blackwell Workstation Edition,GPU-8cfe9244-1717-6a32-51e7-29fa37aa16b7,595.84,100.0,81.0,89444.0,97887.0,475.98,76.0,2812.0,
2026-08-09T02:19:27.993040Z,1.158203125,2.224609375,3.505859375,116823.14453125,126455.4765625,888.5546875,NVIDIA RTX PRO 6000 Blackwell Workstation Edition,GPU-8cfe9244-1717-6a32-51e7-29fa37aa16b7,595.84,100.0,79.0,89444.0,97887.0,427.1,76.0,2827.0,
2026-08-09T02:19:29.018339Z,1.158203125,2.224609375,3.505859375,116820.61328125,126455.4765625,888.5546875,NVIDIA RTX PRO 6000 Blackwell Workstation Edition,GPU-8cfe9244-1717-6a32-51e7-29fa37aa16b7,595.84,100.0,84.0,89444.0,97887.0,440.9,76.0,2827.0,
2026-08-09T02:19:30.042193Z,1.158203125,2.224609375,3.505859375,116816.7265625,126455.4765625,888.5546875,NVIDIA RTX PRO 6000 Blackwell Workstation Edition,GPU-8cfe9244-1717-6a32-51e7-29fa37aa16b7,595.84,100.0,83.0,89444.0,97887.0,442.12,76.0,2827.0,
2026-08-09T02:19:31.074017Z,1.158203125,2.224609375,3.505859375,116822.0703125,126455.4765625,888.5546875,NVIDIA RTX PRO 6000 Blackwell Workstation Edition,GPU-8cfe9244-1717-6a32-51e7-29fa37aa16b7,595.84,100.0,80.0,89444.0,97887.0,439.21,76.0,2827.0,
2026-08-09T02:19:32.096155Z,1.1455078125,2.2041015625,3.4921875,116823.49609375,126455.4765625,888.5625,NVIDIA RTX PRO 6000 Blackwell Workstation Edition,GPU-8cfe9244-1717-6a32-51e7-29fa37aa16b7,595.84,100.0,83.0,89444.0,97887.0,469.05,77.0,2737.0,
2026-08-09T02:19:33.119067Z,1.1455078125,2.2041015625,3.4921875,116819.140625,126455.4765625,888.56640625,NVIDIA RTX PRO 6000 Blackwell Workstation Edition,GPU-8cfe9244-1717-6a32-51e7-29fa37aa16b7,595.84,100.0,80.0,89444.0,97887.0,438.73,76.0,2827.0,
2026-08-09T02:19:34.141231Z,1.1455078125,2.2041015625,3.4921875,116812.0625,126455.4765625,888.56640625,NVIDIA RTX PRO 6000 Blackwell Workstation Edition,GPU-8cfe9244-1717-6a32-51e7-29fa37aa16b7,595.84,100.0,81.0,89444.0,97887.0,430.45,76.0,2827.0,
2026-08-09T02:19:35.162929Z,1.1455078125,2.2041015625,3.4921875,116821.04296875,126455.4765625,888.56640625,NVIDIA RTX PRO 6000 Blackwell Workstation Edition,GPU-8cfe9244-1717-6a32-51e7-29fa37aa16b7,595.84,100.0,80.0,89444.0,97887.0,443.27,76.0,2812.0,
2026-08-09T02:19:36.185838Z,1.1455078125,2.2041015625,3.4921875,116804.8125,126455.4765625,888.56640625,NVIDIA RTX PRO 6000 Blackwell Workstation Edition,GPU-8cfe9244-1717-6a32-51e7-29fa37aa16b7,595.84,100.0,81.0,89444.0,97887.0,461.02,77.0,2617.0,
2026-08-09T02:19:37.207484Z,1.1337890625,2.18408203125,3.478515625,116803.4453125,126455.4765625,888.56640625,NVIDIA RTX PRO 6000 Blackwell Workstation Edition,GPU-8cfe9244-1717-6a32-51e7-29fa37aa16b7,595.84,100.0,82.0,89444.0,97887.0,442.17,76.0,2827.0,
2026-08-09T02:19:38.224933Z,1.1337890625,2.18408203125,3.478515625,116808.4296875,126455.4765625,888.56640625,NVIDIA RTX PRO 6000 Blackwell Workstation Edition,GPU-8cfe9244-1717-6a32-51e7-29fa37aa16b7,595.84,100.0,80.0,89444.0,97887.0,456.05,76.0,2827.0,
2026-08-09T02:19:39.247952Z,1.1337890625,2.18408203125,3.478515625,116812.84375,126455.4765625,888.56640625,NVIDIA RTX PRO 6000 Blackwell Workstation Edition,GPU-8cfe9244-1717-6a32-51e7-29fa37aa16b7,595.84,100.0,81.0,89444.0,97887.0,444.31,76.0,2827.0,
2026-08-09T02:19:40.271314Z,1.1337890625,2.18408203125,3.478515625,116817.953125,126455.4765625,888.56640625,NVIDIA RTX PRO 6000 Blackwell Workstation Edition,GPU-8cfe9244-1717-6a32-51e7-29fa37aa16b7,595.84,100.0,81.0,89444.0,97887.0,469.87,76.0,2805.0,
2026-08-09T02:19:41.297687Z,1.1337890625,2.18408203125,3.478515625,116816.41796875,126455.4765625,888.56640625,NVIDIA RTX PRO 6000 Blackwell Workstation Edition,GPU-8cfe9244-1717-6a32-51e7-29fa37aa16b7,595.84,100.0,81.0,89444.0,97887.0,451.52,76.0,2805.0,
2026-08-09T02:19:42.330784Z,1.123046875,2.1640625,3.46484375,116808.87890625,126455.4765625,888.56640625,NVIDIA RTX PRO 6000 Blackwell Workstation Edition,GPU-8cfe9244-1717-6a32-51e7-29fa37aa16b7,595.84,100.0,79.0,89444.0,97887.0,449.24,77.0,2820.0,
2026-08-09T02:19:43.357153Z,1.123046875,2.1640625,3.46484375,116811.66796875,126455.4765625,888.56640625,NVIDIA RTX PRO 6000 Blackwell Workstation Edition,GPU-8cfe9244-1717-6a32-51e7-29fa37aa16b7,595.84,100.0,80.0,89444.0,97887.0,465.04,76.0,2827.0,
2026-08-09T02:19:44.381107Z,1.123046875,2.1640625,3.46484375,116812.59375,126455.4765625,888.56640625,NVIDIA RTX PRO 6000 Blackwell Workstation Edition,GPU-8cfe9244-1717-6a32-51e7-29fa37aa16b7,595.84,100.0,81.0,89444.0,97887.0,470.92,77.0,2760.0,
2026-08-09T02:19:45.402771Z,1.123046875,2.1640625,3.46484375,116815.69140625,126455.4765625,888.58203125,NVIDIA RTX PRO 6000 Blackwell Workstation Edition,GPU-8cfe9244-1717-6a32-51e7-29fa37aa16b7,595.84,100.0,78.0,89444.0,97887.0,446.8,78.0,2820.0,
2026-08-09T02:19:46.421883Z,1.123046875,2.1640625,3.46484375,116761.67578125,126455.4765625,888.58203125,NVIDIA RTX PRO 6000 Blackwell Workstation Edition,GPU-8cfe9244-1717-6a32-51e7-29fa37aa16b7,595.84,100.0,80.0,89444.0,97887.0,451.14,76.0,2827.0,
2026-08-09T02:19:47.440899Z,1.11279296875,2.14453125,3.451171875,116754.6015625,126455.4765625,888.58203125,NVIDIA RTX PRO 6000 Blackwell Workstation Edition,GPU-8cfe9244-1717-6a32-51e7-29fa37aa16b7,595.84,100.0,79.0,89444.0,97887.0,450.83,76.0,2827.0,
2026-08-09T02:19:48.463935Z,1.11279296875,2.14453125,3.451171875,116752.16796875,126455.4765625,888.58203125,NVIDIA RTX PRO 6000 Blackwell Workstation Edition,GPU-8cfe9244-1717-6a32-51e7-29fa37aa16b7,595.84,100.0,81.0,89444.0,97887.0,462.48,76.0,2812.0,
2026-08-09T02:19:49.486678Z,1.11279296875,2.14453125,3.451171875,116736.16015625,126455.4765625,888.58203125,NVIDIA RTX PRO 6000 Blackwell Workstation Edition,GPU-8cfe9244-1717-6a32-51e7-29fa37aa16b7,595.84,100.0,82.0,89444.0,97887.0,440.09,76.0,2827.0,
2026-08-09T02:19:50.508718Z,1.11279296875,2.14453125,3.451171875,116733.58203125,126455.4765625,888.58203125,NVIDIA RTX PRO 6000 Blackwell Workstation Edition,GPU-8cfe9244-1717-6a32-51e7-29fa37aa16b7,595.84,100.0,67.0,89444.0,97887.0,469.17,82.0,2782.0,
2026-08-09T02:19:51.528482Z,1.11279296875,2.14453125,3.451171875,116765.7890625,126455.4765625,888.58203125,NVIDIA RTX PRO 6000 Blackwell Workstation Edition,GPU-8cfe9244-1717-6a32-51e7-29fa37aa16b7,595.84,100.0,82.0,89444.0,97887.0,494.74,77.0,2827.0,
2026-08-09T02:19:52.551564Z,1.103515625,2.12548828125,3.43798828125,116768.8984375,126455.4765625,888.58203125,NVIDIA RTX PRO 6000 Blackwell Workstation Edition,GPU-8cfe9244-1717-6a32-51e7-29fa37aa16b7,595.84,100.0,81.0,89444.0,97887.0,443.16,77.0,2805.0,
2026-08-09T02:19:53.574737Z,1.103515625,2.12548828125,3.43798828125,116766.58984375,126455.4765625,888.58203125,NVIDIA RTX PRO 6000 Blackwell Workstation Edition,GPU-8cfe9244-1717-6a32-51e7-29fa37aa16b7,595.84,100.0,82.0,89444.0,97887.0,432.51,77.0,2827.0,
2026-08-09T02:19:54.597955Z,1.103515625,2.12548828125,3.43798828125,116757.703125,126455.4765625,888.58203125,NVIDIA RTX PRO 6000 Blackwell Workstation Edition,GPU-8cfe9244-1717-6a32-51e7-29fa37aa16b7,595.84,100.0,79.0,89444.0,97887.0,436.0,76.0,2827.0,
2026-08-09T02:19:55.624513Z,1.103515625,2.12548828125,3.43798828125,116738.77734375,126455.4765625,888.58203125,NVIDIA RTX PRO 6000 Blackwell Workstation Edition,GPU-8cfe9244-1717-6a32-51e7-29fa37aa16b7,595.84,100.0,79.0,89444.0,97887.0,448.14,77.0,2812.0,
2026-08-09T02:19:56.651926Z,1.103515625,2.12548828125,3.43798828125,116789.24609375,126455.4765625,888.58203125,NVIDIA RTX PRO 6000 Blackwell Workstation Edition,GPU-8cfe9244-1717-6a32-51e7-29fa37aa16b7,595.84,100.0,80.0,89444.0,97887.0,452.01,77.0,2812.0,
2026-08-09T02:19:57.673888Z,1.09521484375,2.1064453125,3.4248046875,116804.3125,126455.4765625,888.58203125,NVIDIA RTX PRO 6000 Blackwell Workstation Edition,GPU-8cfe9244-1717-6a32-51e7-29fa37aa16b7,595.84,100.0,80.0,89444.0,97887.0,442.32,76.0,2827.0,
2026-08-09T02:19:58.697026Z,1.09521484375,2.1064453125,3.4248046875,116790.21484375,126455.4765625,888.58203125,NVIDIA RTX PRO 6000 Blackwell Workstation Edition,GPU-8cfe9244-1717-6a32-51e7-29fa37aa16b7,595.84,100.0,79.0,89444.0,97887.0,428.81,76.0,2827.0,
2026-08-09T02:19:59.720449Z,1.09521484375,2.1064453125,3.4248046875,116793.546875,126455.4765625,888.58203125,NVIDIA RTX PRO 6000 Blackwell Workstation Edition,GPU-8cfe9244-1717-6a32-51e7-29fa37aa16b7,595.84,100.0,82.0,89444.0,97887.0,500.2,77.0,2670.0,
2026-08-09T02:20:00.744357Z,1.09521484375,2.1064453125,3.4248046875,116799.3359375,126455.4765625,888.609375,NVIDIA RTX PRO 6000 Blackwell Workstation Edition,GPU-8cfe9244-1717-6a32-51e7-29fa37aa16b7,595.84,100.0,80.0,89444.0,97887.0,442.58,76.0,2827.0,
2026-08-09T02:20:01.766958Z,1.09521484375,2.1064453125,3.4248046875,116742.56640625,126455.4765625,888.6328125,NVIDIA RTX PRO 6000 Blackwell Workstation Edition,GPU-8cfe9244-1717-6a32-51e7-29fa37aa16b7,595.84,100.0,82.0,89444.0,97887.0,434.74,76.0,2827.0,
2026-08-09T02:20:02.791283Z,1.08740234375,2.087890625,3.41162109375,116811.07421875,126455.4765625,888.6328125,NVIDIA RTX PRO 6000 Blackwell Workstation Edition,GPU-8cfe9244-1717-6a32-51e7-29fa37aa16b7,595.84,100.0,72.0,89444.0,97887.0,518.44,79.0,2587.0,
2026-08-09T02:20:03.813225Z,1.08740234375,2.087890625,3.41162109375,116797.37109375,126455.4765625,888.6328125,NVIDIA RTX PRO 6000 Blackwell Workstation Edition,GPU-8cfe9244-1717-6a32-51e7-29fa37aa16b7,595.84,100.0,81.0,89444.0,97887.0,444.9,77.0,2827.0,
2026-08-09T02:20:04.834858Z,1.08740234375,2.087890625,3.41162109375,116793.2734375,126455.4765625,888.6328125,NVIDIA RTX PRO 6000 Blackwell Workstation Edition,GPU-8cfe9244-1717-6a32-51e7-29fa37aa16b7,595.84,100.0,82.0,89444.0,97887.0,437.87,76.0,2827.0,
2026-08-09T02:20:05.855775Z,1.08740234375,2.087890625,3.41162109375,116783.80078125,126455.4765625,888.640625,NVIDIA RTX PRO 6000 Blackwell Workstation Edition,GPU-8cfe9244-1717-6a32-51e7-29fa37aa16b7,595.84,100.0,63.0,89444.0,97887.0,471.3,80.0,2752.0,
2026-08-09T02:20:06.877929Z,2.60205078125,2.3857421875,3.5009765625,116768.7421875,126455.4765625,888.640625,NVIDIA RTX PRO 6000 Blackwell Workstation Edition,GPU-8cfe9244-1717-6a32-51e7-29fa37aa16b7,595.84,100.0,82.0,89444.0,97887.0,453.38,77.0,2827.0,
2026-08-09T02:20:07.899976Z,2.60205078125,2.3857421875,3.5009765625,116806.2109375,126455.4765625,888.640625,NVIDIA RTX PRO 6000 Blackwell Workstation Edition,GPU-8cfe9244-1717-6a32-51e7-29fa37aa16b7,595.84,100.0,80.0,89444.0,97887.0,441.88,76.0,2805.0,
2026-08-09T02:20:08.924917Z,2.60205078125,2.3857421875,3.5009765625,116810.80859375,126455.4765625,888.640625,NVIDIA RTX PRO 6000 Blackwell Workstation Edition,GPU-8cfe9244-1717-6a32-51e7-29fa37aa16b7,595.84,100.0,82.0,89444.0,97887.0,441.23,76.0,2827.0,
2026-08-09T02:20:09.950702Z,2.60205078125,2.3857421875,3.5009765625,116810.62890625,126455.4765625,888.640625,NVIDIA RTX PRO 6000 Blackwell Workstation Edition,GPU-8cfe9244-1717-6a32-51e7-29fa37aa16b7,595.84,100.0,79.0,89444.0,97887.0,448.24,76.0,2827.0,
2026-08-09T02:20:10.969016Z,2.60205078125,2.3857421875,3.5009765625,116803.5546875,126455.4765625,888.640625,NVIDIA RTX PRO 6000 Blackwell Workstation Edition,GPU-8cfe9244-1717-6a32-51e7-29fa37aa16b7,595.84,100.0,81.0,89444.0,97887.0,464.73,76.0,2827.0,
2026-08-09T02:20:11.993001Z,2.4736328125,2.3623046875,3.4873046875,116820.87109375,126455.4765625,888.640625,NVIDIA RTX PRO 6000 Blackwell Workstation Edition,GPU-8cfe9244-1717-6a32-51e7-29fa37aa16b7,595.84,100.0,68.0,89444.0,97887.0,454.42,82.0,2827.0,
2026-08-09T02:20:13.019517Z,2.4736328125,2.3623046875,3.4873046875,116827.53125,126455.4765625,888.640625,NVIDIA RTX PRO 6000 Blackwell Workstation Edition,GPU-8cfe9244-1717-6a32-51e7-29fa37aa16b7,595.84,100.0,81.0,89444.0,97887.0,466.94,76.0,2827.0,
2026-08-09T02:20:14.042517Z,2.4736328125,2.3623046875,3.4873046875,116837.0234375,126455.4765625,888.640625,NVIDIA RTX PRO 6000 Blackwell Workstation Edition,GPU-8cfe9244-1717-6a32-51e7-29fa37aa16b7,595.84,100.0,81.0,89444.0,97887.0,451.95,77.0,2805.0,
2026-08-09T02:20:15.066188Z,2.4736328125,2.3623046875,3.4873046875,116826.80859375,126455.4765625,888.640625,NVIDIA RTX PRO 6000 Blackwell Workstation Edition,GPU-8cfe9244-1717-6a32-51e7-29fa37aa16b7,595.84,100.0,81.0,89444.0,97887.0,461.97,76.0,2827.0,
2026-08-09T02:20:16.089367Z,2.4736328125,2.3623046875,3.4873046875,116803.97265625,126455.4765625,888.640625,NVIDIA RTX PRO 6000 Blackwell Workstation Edition,GPU-8cfe9244-1717-6a32-51e7-29fa37aa16b7,595.84,100.0,81.0,89444.0,97887.0,461.35,76.0,2827.0,
2026-08-09T02:20:17.112326Z,2.35546875,2.33935546875,3.4736328125,116800.8671875,126455.4765625,888.640625,NVIDIA RTX PRO 6000 Blackwell Workstation Edition,GPU-8cfe9244-1717-6a32-51e7-29fa37aa16b7,595.84,100.0,81.0,89444.0,97887.0,443.27,76.0,2827.0,
2026-08-09T02:20:18.138070Z,2.35546875,2.33935546875,3.4736328125,116842.26171875,126455.4765625,888.640625,NVIDIA RTX PRO 6000 Blackwell Workstation Edition,GPU-8cfe9244-1717-6a32-51e7-29fa37aa16b7,595.84,100.0,81.0,89444.0,97887.0,470.23,76.0,2632.0,
2026-08-09T02:20:19.163324Z,2.35546875,2.33935546875,3.4736328125,116838.93359375,126455.4765625,888.640625,NVIDIA RTX PRO 6000 Blackwell Workstation Edition,GPU-8cfe9244-1717-6a32-51e7-29fa37aa16b7,595.84,100.0,81.0,89444.0,97887.0,442.53,76.0,2827.0,
2026-08-09T02:20:20.184447Z,2.35546875,2.33935546875,3.4736328125,116840.9296875,126455.4765625,888.640625,NVIDIA RTX PRO 6000 Blackwell Workstation Edition,GPU-8cfe9244-1717-6a32-51e7-29fa37aa16b7,595.84,100.0,81.0,89444.0,97887.0,462.34,77.0,2782.0,
2026-08-09T02:20:21.208303Z,2.35546875,2.33935546875,3.4736328125,116814.40234375,126455.4765625,888.640625,NVIDIA RTX PRO 6000 Blackwell Workstation Edition,GPU-8cfe9244-1717-6a32-51e7-29fa37aa16b7,595.84,100.0,60.0,89444.0,97887.0,453.07,83.0,2775.0,
2026-08-09T02:20:22.230728Z,2.24658203125,2.31689453125,3.4599609375,116797.96484375,126455.4765625,888.640625,NVIDIA RTX PRO 6000 Blackwell Workstation Edition,GPU-8cfe9244-1717-6a32-51e7-29fa37aa16b7,595.84,100.0,81.0,89444.0,97887.0,465.61,76.0,2827.0,
2026-08-09T02:20:23.247987Z,2.24658203125,2.31689453125,3.4599609375,116793.41015625,126455.4765625,888.64453125,NVIDIA RTX PRO 6000 Blackwell Workstation Edition,GPU-8cfe9244-1717-6a32-51e7-29fa37aa16b7,595.84,100.0,80.0,89444.0,97887.0,467.25,77.0,2827.0,
2026-08-09T02:20:24.270486Z,2.24658203125,2.31689453125,3.4599609375,116807.2734375,126455.4765625,888.64453125,NVIDIA RTX PRO 6000 Blackwell Workstation Edition,GPU-8cfe9244-1717-6a32-51e7-29fa37aa16b7,595.84,100.0,59.0,89444.0,97887.0,457.76,83.0,2775.0,
2026-08-09T02:20:25.294364Z,2.24658203125,2.31689453125,3.4599609375,116809.9609375,126455.4765625,888.64453125,NVIDIA RTX PRO 6000 Blackwell Workstation Edition,GPU-8cfe9244-1717-6a32-51e7-29fa37aa16b7,595.84,100.0,80.0,89444.0,97887.0,438.58,76.0,2827.0,
2026-08-09T02:20:26.316228Z,2.24658203125,2.31689453125,3.4599609375,116772.3515625,126455.4765625,888.64453125,NVIDIA RTX PRO 6000 Blackwell Workstation Edition,GPU-8cfe9244-1717-6a32-51e7-29fa37aa16b7,595.84,100.0,80.0,89444.0,97887.0,443.74,76.0,2805.0,
2026-08-09T02:20:27.339259Z,2.146484375,2.294921875,3.4462890625,116788.40625,126455.4765625,888.64453125,NVIDIA RTX PRO 6000 Blackwell Workstation Edition,GPU-8cfe9244-1717-6a32-51e7-29fa37aa16b7,595.84,100.0,81.0,89444.0,97887.0,442.23,76.0,2827.0,
2026-08-09T02:20:28.361676Z,2.146484375,2.294921875,3.4462890625,116794.3125,126455.4765625,888.64453125,NVIDIA RTX PRO 6000 Blackwell Workstation Edition,GPU-8cfe9244-1717-6a32-51e7-29fa37aa16b7,595.84,100.0,78.0,89444.0,97887.0,472.0,78.0,2790.0,
2026-08-09T02:20:29.384455Z,2.146484375,2.294921875,3.4462890625,116791.88671875,126455.4765625,888.64453125,NVIDIA RTX PRO 6000 Blackwell Workstation Edition,GPU-8cfe9244-1717-6a32-51e7-29fa37aa16b7,595.84,100.0,82.0,89444.0,97887.0,478.84,77.0,2827.0,
2026-08-09T02:20:30.405890Z,2.146484375,2.294921875,3.4462890625,116787.83203125,126455.4765625,888.64453125,NVIDIA RTX PRO 6000 Blackwell Workstation Edition,GPU-8cfe9244-1717-6a32-51e7-29fa37aa16b7,595.84,100.0,81.0,89444.0,97887.0,443.6,77.0,2827.0,
2026-08-09T02:20:31.432486Z,2.146484375,2.294921875,3.4462890625,116748.87109375,126455.4765625,888.6484375,NVIDIA RTX PRO 6000 Blackwell Workstation Edition,GPU-8cfe9244-1717-6a32-51e7-29fa37aa16b7,595.84,100.0,79.0,89444.0,97887.0,441.22,77.0,2820.0,
2026-08-09T02:20:32.454273Z,2.05419921875,2.27294921875,3.43310546875,116741.8125,126455.4765625,888.6484375,NVIDIA RTX PRO 6000 Blackwell Workstation Edition,GPU-8cfe9244-1717-6a32-51e7-29fa37aa16b7,595.84,100.0,80.0,89444.0,97887.0,446.96,76.0,2827.0,
2026-08-09T02:20:33.475310Z,2.05419921875,2.27294921875,3.43310546875,116783.8671875,126455.4765625,888.6484375,NVIDIA RTX PRO 6000 Blackwell Workstation Edition,GPU-8cfe9244-1717-6a32-51e7-29fa37aa16b7,595.84,100.0,80.0,89444.0,97887.0,439.14,76.0,2827.0,
2026-08-09T02:20:34.498003Z,2.05419921875,2.27294921875,3.43310546875,116766.0390625,126455.4765625,888.6484375,NVIDIA RTX PRO 6000 Blackwell Workstation Edition,GPU-8cfe9244-1717-6a32-51e7-29fa37aa16b7,595.84,100.0,82.0,89444.0,97887.0,489.44,78.0,2670.0,
2026-08-09T02:20:35.520137Z,2.05419921875,2.27294921875,3.43310546875,116765.828125,126455.4765625,888.6484375,NVIDIA RTX PRO 6000 Blackwell Workstation Edition,GPU-8cfe9244-1717-6a32-51e7-29fa37aa16b7,595.84,100.0,80.0,89444.0,97887.0,453.02,77.0,2827.0,
2026-08-09T02:20:36.543279Z,2.05419921875,2.27294921875,3.43310546875,116729.1328125,126455.4765625,888.65234375,NVIDIA RTX PRO 6000 Blackwell Workstation Edition,GPU-8cfe9244-1717-6a32-51e7-29fa37aa16b7,595.84,100.0,81.0,89444.0,97887.0,445.22,77.0,2805.0,
2026-08-09T02:20:37.565583Z,1.9697265625,2.25146484375,3.419921875,116721.4921875,126455.4765625,888.65625,NVIDIA RTX PRO 6000 Blackwell Workstation Edition,GPU-8cfe9244-1717-6a32-51e7-29fa37aa16b7,595.84,100.0,80.0,89444.0,97887.0,454.18,77.0,2797.0,
2026-08-09T02:20:38.595655Z,1.9697265625,2.25146484375,3.419921875,116722.68359375,126455.4765625,888.65625,NVIDIA RTX PRO 6000 Blackwell Workstation Edition,GPU-8cfe9244-1717-6a32-51e7-29fa37aa16b7,595.84,100.0,80.0,89444.0,97887.0,438.46,76.0,2827.0,
2026-08-09T02:20:39.613449Z,1.9697265625,2.25146484375,3.419921875,116714.94921875,126455.4765625,888.65625,NVIDIA RTX PRO 6000 Blackwell Workstation Edition,GPU-8cfe9244-1717-6a32-51e7-29fa37aa16b7,595.84,100.0,81.0,89444.0,97887.0,466.02,77.0,2782.0,
2026-08-09T02:20:40.636652Z,1.9697265625,2.25146484375,3.419921875,116729.98046875,126455.4765625,888.65625,NVIDIA RTX PRO 6000 Blackwell Workstation Edition,GPU-8cfe9244-1717-6a32-51e7-29fa37aa16b7,595.84,100.0,81.0,89444.0,97887.0,430.79,77.0,2827.0,
2026-08-09T02:20:41.660127Z,1.9697265625,2.25146484375,3.419921875,116737.0234375,126455.4765625,888.65625,NVIDIA RTX PRO 6000 Blackwell Workstation Edition,GPU-8cfe9244-1717-6a32-51e7-29fa37aa16b7,595.84,100.0,79.0,89444.0,97887.0,440.01,80.0,2827.0,
2026-08-09T02:20:42.684174Z,1.8916015625,2.23046875,3.40673828125,116743.33984375,126455.4765625,888.65625,NVIDIA RTX PRO 6000 Blackwell Workstation Edition,GPU-8cfe9244-1717-6a32-51e7-29fa37aa16b7,595.84,100.0,80.0,89444.0,97887.0,461.31,76.0,2827.0,
2026-08-09T02:20:43.705224Z,1.8916015625,2.23046875,3.40673828125,116769.3359375,126455.4765625,888.65625,NVIDIA RTX PRO 6000 Blackwell Workstation Edition,GPU-8cfe9244-1717-6a32-51e7-29fa37aa16b7,595.84,100.0,80.0,89444.0,97887.0,428.31,76.0,2827.0,
2026-08-09T02:20:44.728186Z,1.8916015625,2.23046875,3.40673828125,116774.31640625,126455.4765625,888.6640625,NVIDIA RTX PRO 6000 Blackwell Workstation Edition,GPU-8cfe9244-1717-6a32-51e7-29fa37aa16b7,595.84,100.0,81.0,89444.0,97887.0,443.97,77.0,2812.0,
2026-08-09T02:20:45.750437Z,1.8916015625,2.23046875,3.40673828125,116791.62890625,126455.4765625,888.6640625,NVIDIA RTX PRO 6000 Blackwell Workstation Edition,GPU-8cfe9244-1717-6a32-51e7-29fa37aa16b7,595.84,100.0,80.0,89444.0,97887.0,449.88,77.0,2812.0,
2026-08-09T02:20:46.773398Z,1.8916015625,2.23046875,3.40673828125,116793.0,126455.4765625,888.6640625,NVIDIA RTX PRO 6000 Blackwell Workstation Edition,GPU-8cfe9244-1717-6a32-51e7-29fa37aa16b7,595.84,100.0,82.0,89444.0,97887.0,441.61,76.0,2827.0,
2026-08-09T02:20:47.794546Z,1.81982421875,2.2099609375,3.3935546875,116807.9140625,126455.4765625,888.6640625,NVIDIA RTX PRO 6000 Blackwell Workstation Edition,GPU-8cfe9244-1717-6a32-51e7-29fa37aa16b7,595.84,100.0,75.0,89444.0,97887.0,470.95,78.0,2685.0,
2026-08-09T02:20:48.817063Z,1.81982421875,2.2099609375,3.3935546875,116760.9765625,126455.4765625,888.6640625,NVIDIA RTX PRO 6000 Blackwell Workstation Edition,GPU-8cfe9244-1717-6a32-51e7-29fa37aa16b7,595.84,100.0,79.0,89444.0,97887.0,435.56,79.0,2827.0,
2026-08-09T02:20:49.843709Z,1.81982421875,2.2099609375,3.3935546875,116799.953125,126455.4765625,888.6640625,NVIDIA RTX PRO 6000 Blackwell Workstation Edition,GPU-8cfe9244-1717-6a32-51e7-29fa37aa16b7,595.84,100.0,82.0,89444.0,97887.0,470.12,77.0,2827.0,
2026-08-09T02:20:50.866793Z,1.81982421875,2.2099609375,3.3935546875,116752.2890625,126455.4765625,888.6640625,NVIDIA RTX PRO 6000 Blackwell Workstation Edition,GPU-8cfe9244-1717-6a32-51e7-29fa37aa16b7,595.84,100.0,74.0,89444.0,97887.0,471.25,78.0,2685.0,
2026-08-09T02:20:51.889084Z,1.75390625,2.189453125,3.38037109375,116749.015625,126455.4765625,888.6640625,NVIDIA RTX PRO 6000 Blackwell Workstation Edition,GPU-8cfe9244-1717-6a32-51e7-29fa37aa16b7,595.84,100.0,82.0,89444.0,97887.0,449.24,77.0,2827.0,
2026-08-09T02:20:52.915912Z,1.75390625,2.189453125,3.38037109375,116764.8203125,126455.4765625,888.6640625,NVIDIA RTX PRO 6000 Blackwell Workstation Edition,GPU-8cfe9244-1717-6a32-51e7-29fa37aa16b7,595.84,100.0,79.0,89444.0,97887.0,483.6,81.0,2670.0,
2026-08-09T02:20:53.939573Z,1.75390625,2.189453125,3.38037109375,116765.3359375,126455.4765625,888.66796875,NVIDIA RTX PRO 6000 Blackwell Workstation Edition,GPU-8cfe9244-1717-6a32-51e7-29fa37aa16b7,595.84,100.0,81.0,89444.0,97887.0,440.7,77.0,2827.0,
2026-08-09T02:20:54.964256Z,1.75390625,2.189453125,3.38037109375,116796.90234375,126455.4765625,888.6796875,NVIDIA RTX PRO 6000 Blackwell Workstation Edition,GPU-8cfe9244-1717-6a32-51e7-29fa37aa16b7,595.84,100.0,80.0,89444.0,97887.0,441.71,77.0,2805.0,
2026-08-09T02:20:55.987093Z,1.75390625,2.189453125,3.38037109375,116800.45703125,126455.4765625,888.6796875,NVIDIA RTX PRO 6000 Blackwell Workstation Edition,GPU-8cfe9244-1717-6a32-51e7-29fa37aa16b7,595.84,100.0,81.0,89444.0,97887.0,459.99,76.0,2827.0,
2026-08-09T02:20:57.009803Z,1.693359375,2.16943359375,3.3671875,116791.5625,126455.4765625,888.6796875,NVIDIA RTX PRO 6000 Blackwell Workstation Edition,GPU-8cfe9244-1717-6a32-51e7-29fa37aa16b7,595.84,100.0,78.0,89444.0,97887.0,452.71,78.0,2827.0,
2026-08-09T02:20:58.033233Z,1.693359375,2.16943359375,3.3671875,116789.69921875,126455.4765625,888.6875,NVIDIA RTX PRO 6000 Blackwell Workstation Edition,GPU-8cfe9244-1717-6a32-51e7-29fa37aa16b7,595.84,100.0,79.0,89444.0,97887.0,441.28,76.0,2827.0,
2026-08-09T02:20:59.056133Z,1.693359375,2.16943359375,3.3671875,116777.18359375,126455.4765625,888.6875,NVIDIA RTX PRO 6000 Blackwell Workstation Edition,GPU-8cfe9244-1717-6a32-51e7-29fa37aa16b7,595.84,100.0,81.0,89444.0,97887.0,487.29,77.0,2805.0,
2026-08-09T02:21:00.077258Z,1.693359375,2.16943359375,3.3671875,116738.32421875,126455.4765625,888.6875,NVIDIA RTX PRO 6000 Blackwell Workstation Edition,GPU-8cfe9244-1717-6a32-51e7-29fa37aa16b7,595.84,100.0,82.0,89444.0,97887.0,443.04,77.0,2805.0,
2026-08-09T02:21:01.100157Z,1.693359375,2.16943359375,3.3671875,116711.3046875,126455.4765625,888.6875,NVIDIA RTX PRO 6000 Blackwell Workstation Edition,GPU-8cfe9244-1717-6a32-51e7-29fa37aa16b7,595.84,100.0,82.0,89444.0,97887.0,466.91,77.0,2722.0,
2026-08-09T02:21:02.123633Z,1.6376953125,2.14990234375,3.35400390625,116706.359375,126455.4765625,888.6875,NVIDIA RTX PRO 6000 Blackwell Workstation Edition,GPU-8cfe9244-1717-6a32-51e7-29fa37aa16b7,595.84,100.0,61.0,89444.0,97887.0,461.23,83.0,2767.0,
2026-08-09T02:21:03.147338Z,1.6376953125,2.14990234375,3.35400390625,116710.80078125,126455.4765625,888.6953125,NVIDIA RTX PRO 6000 Blackwell Workstation Edition,GPU-8cfe9244-1717-6a32-51e7-29fa37aa16b7,595.84,100.0,80.0,89444.0,97887.0,473.98,77.0,2827.0,
2026-08-09T02:21:04.169744Z,1.6376953125,2.14990234375,3.35400390625,116705.69140625,126455.4765625,888.71875,NVIDIA RTX PRO 6000 Blackwell Workstation Edition,GPU-8cfe9244-1717-6a32-51e7-29fa37aa16b7,595.84,100.0,80.0,89444.0,97887.0,443.64,77.0,2812.0,
2026-08-09T02:21:05.190595Z,1.6376953125,2.14990234375,3.35400390625,116717.03515625,126455.4765625,888.71875,NVIDIA RTX PRO 6000 Blackwell Workstation Edition,GPU-8cfe9244-1717-6a32-51e7-29fa37aa16b7,595.84,100.0,79.0,89444.0,97887.0,471.04,79.0,2827.0,
2026-08-09T02:21:06.213527Z,1.6376953125,2.14990234375,3.35400390625,116714.4765625,126455.4765625,888.71875,NVIDIA RTX PRO 6000 Blackwell Workstation Edition,GPU-8cfe9244-1717-6a32-51e7-29fa37aa16b7,595.84,100.0,80.0,89444.0,97887.0,441.62,76.0,2827.0,
2026-08-09T02:21:07.235680Z,1.58642578125,2.13037109375,3.34130859375,116705.3828125,126455.4765625,888.71875,NVIDIA RTX PRO 6000 Blackwell Workstation Edition,GPU-8cfe9244-1717-6a32-51e7-29fa37aa16b7,595.84,100.0,80.0,89444.0,97887.0,479.94,80.0,2805.0,
2026-08-09T02:21:08.259181Z,1.58642578125,2.13037109375,3.34130859375,116725.2265625,126455.4765625,888.7265625,NVIDIA RTX PRO 6000 Blackwell Workstation Edition,GPU-8cfe9244-1717-6a32-51e7-29fa37aa16b7,595.84,100.0,80.0,89444.0,97887.0,443.11,77.0,2827.0,
2026-08-09T02:21:09.281323Z,1.58642578125,2.13037109375,3.34130859375,116728.14453125,126455.4765625,888.73046875,NVIDIA RTX PRO 6000 Blackwell Workstation Edition,GPU-8cfe9244-1717-6a32-51e7-29fa37aa16b7,595.84,100.0,80.0,89444.0,97887.0,460.06,77.0,2827.0,
2026-08-09T02:21:10.301672Z,1.58642578125,2.13037109375,3.34130859375,116777.00390625,126455.4765625,888.73046875,NVIDIA RTX PRO 6000 Blackwell Workstation Edition,GPU-8cfe9244-1717-6a32-51e7-29fa37aa16b7,595.84,100.0,80.0,89444.0,97887.0,465.0,77.0,2827.0,
2026-08-09T02:21:11.318862Z,1.58642578125,2.13037109375,3.34130859375,116773.20703125,126455.4765625,888.73046875,NVIDIA RTX PRO 6000 Blackwell Workstation Edition,GPU-8cfe9244-1717-6a32-51e7-29fa37aa16b7,595.84,100.0,81.0,89444.0,97887.0,467.76,77.0,2805.0,
2026-08-09T02:21:12.348270Z,1.5390625,2.111328125,3.32861328125,116783.55859375,126455.4765625,888.73046875,NVIDIA RTX PRO 6000 Blackwell Workstation Edition,GPU-8cfe9244-1717-6a32-51e7-29fa37aa16b7,595.84,100.0,81.0,89444.0,97887.0,434.96,77.0,2827.0,
2026-08-09T02:21:13.371484Z,1.5390625,2.111328125,3.32861328125,116769.1484375,126455.4765625,888.73046875,NVIDIA RTX PRO 6000 Blackwell Workstation Edition,GPU-8cfe9244-1717-6a32-51e7-29fa37aa16b7,595.84,100.0,80.0,89444.0,97887.0,442.71,77.0,2827.0,
2026-08-09T02:21:14.396247Z,1.5390625,2.111328125,3.32861328125,116770.25390625,126455.4765625,888.73046875,NVIDIA RTX PRO 6000 Blackwell Workstation Edition,GPU-8cfe9244-1717-6a32-51e7-29fa37aa16b7,595.84,100.0,74.0,89444.0,97887.0,472.75,80.0,2827.0,
2026-08-09T02:21:15.419457Z,1.5390625,2.111328125,3.32861328125,116806.125,126455.4765625,888.73046875,NVIDIA RTX PRO 6000 Blackwell Workstation Edition,GPU-8cfe9244-1717-6a32-51e7-29fa37aa16b7,595.84,100.0,80.0,89444.0,97887.0,478.58,77.0,2715.0,
2026-08-09T02:21:16.442950Z,1.5390625,2.111328125,3.32861328125,116798.16796875,126455.4765625,888.73046875,NVIDIA RTX PRO 6000 Blackwell Workstation Edition,GPU-8cfe9244-1717-6a32-51e7-29fa37aa16b7,595.84,100.0,81.0,89444.0,97887.0,453.95,77.0,2827.0,
2026-08-09T02:21:17.466310Z,1.49560546875,2.0927734375,3.31591796875,116803.17578125,126455.4765625,888.73046875,NVIDIA RTX PRO 6000 Blackwell Workstation Edition,GPU-8cfe9244-1717-6a32-51e7-29fa37aa16b7,595.84,100.0,79.0,89444.0,97887.0,437.58,76.0,2827.0,
2026-08-09T02:21:18.490004Z,1.49560546875,2.0927734375,3.31591796875,116804.6796875,126455.4765625,888.73046875,NVIDIA RTX PRO 6000 Blackwell Workstation Edition,GPU-8cfe9244-1717-6a32-51e7-29fa37aa16b7,595.84,100.0,80.0,89444.0,97887.0,440.49,76.0,2827.0,
2026-08-09T02:21:19.512449Z,1.49560546875,2.0927734375,3.31591796875,116794.15234375,126455.4765625,888.73046875,NVIDIA RTX PRO 6000 Blackwell Workstation Edition,GPU-8cfe9244-1717-6a32-51e7-29fa37aa16b7,595.84,100.0,85.0,89444.0,97887.0,435.51,76.0,2827.0,
2026-08-09T02:21:20.533784Z,1.49560546875,2.0927734375,3.31591796875,116824.3046875,126455.4765625,888.73046875,NVIDIA RTX PRO 6000 Blackwell Workstation Edition,GPU-8cfe9244-1717-6a32-51e7-29fa37aa16b7,595.84,100.0,83.0,89444.0,97887.0,484.56,78.0,2827.0,
2026-08-09T02:21:21.555610Z,1.49560546875,2.0927734375,3.31591796875,116782.1328125,126455.4765625,888.73046875,NVIDIA RTX PRO 6000 Blackwell Workstation Edition,GPU-8cfe9244-1717-6a32-51e7-29fa37aa16b7,595.84,100.0,82.0,89444.0,97887.0,444.06,77.0,2805.0,
2026-08-09T02:21:22.578706Z,1.45556640625,2.07421875,3.30322265625,116776.296875,126455.4765625,888.73046875,NVIDIA RTX PRO 6000 Blackwell Workstation Edition,GPU-8cfe9244-1717-6a32-51e7-29fa37aa16b7,595.84,100.0,80.0,89444.0,97887.0,440.87,77.0,2827.0,
2026-08-09T02:21:23.602283Z,1.45556640625,2.07421875,3.30322265625,116769.59765625,126455.4765625,888.734375,NVIDIA RTX PRO 6000 Blackwell Workstation Edition,GPU-8cfe9244-1717-6a32-51e7-29fa37aa16b7,595.84,100.0,79.0,89444.0,97887.0,442.65,76.0,2827.0,
2026-08-09T02:21:24.624507Z,1.45556640625,2.07421875,3.30322265625,116793.171875,126455.4765625,888.734375,NVIDIA RTX PRO 6000 Blackwell Workstation Edition,GPU-8cfe9244-1717-6a32-51e7-29fa37aa16b7,595.84,100.0,84.0,89444.0,97887.0,445.01,77.0,2827.0,
2026-08-09T02:21:25.646508Z,1.45556640625,2.07421875,3.30322265625,116744.44140625,126455.4765625,888.734375,NVIDIA RTX PRO 6000 Blackwell Workstation Edition,GPU-8cfe9244-1717-6a32-51e7-29fa37aa16b7,595.84,100.0,79.0,89444.0,97887.0,450.17,76.0,2827.0,
2026-08-09T02:21:26.671300Z,1.45556640625,2.07421875,3.30322265625,116749.61328125,126455.4765625,888.734375,NVIDIA RTX PRO 6000 Blackwell Workstation Edition,GPU-8cfe9244-1717-6a32-51e7-29fa37aa16b7,595.84,100.0,81.0,89444.0,97887.0,464.89,77.0,2827.0,
2026-08-09T02:21:27.693371Z,1.4189453125,2.05615234375,3.29052734375,116742.2890625,126455.4765625,888.734375,NVIDIA RTX PRO 6000 Blackwell Workstation Edition,GPU-8cfe9244-1717-6a32-51e7-29fa37aa16b7,595.84,100.0,81.0,89444.0,97887.0,433.37,76.0,2827.0,
2026-08-09T02:21:28.709584Z,1.4189453125,2.05615234375,3.29052734375,116737.33984375,126455.4765625,888.734375,NVIDIA RTX PRO 6000 Blackwell Workstation Edition,GPU-8cfe9244-1717-6a32-51e7-29fa37aa16b7,595.84,100.0,81.0,89444.0,97887.0,476.05,77.0,2805.0,
2026-08-09T02:21:29.732995Z,1.4189453125,2.05615234375,3.29052734375,116745.7734375,126455.4765625,888.734375,NVIDIA RTX PRO 6000 Blackwell Workstation Edition,GPU-8cfe9244-1717-6a32-51e7-29fa37aa16b7,595.84,100.0,81.0,89444.0,97887.0,433.92,77.0,2827.0,
2026-08-09T02:21:30.754231Z,1.4189453125,2.05615234375,3.29052734375,116727.74609375,126455.4765625,888.734375,NVIDIA RTX PRO 6000 Blackwell Workstation Edition,GPU-8cfe9244-1717-6a32-51e7-29fa37aa16b7,595.84,100.0,79.0,89444.0,97887.0,452.42,77.0,2827.0,
2026-08-09T02:21:31.779964Z,1.4189453125,2.05615234375,3.29052734375,116785.75,126455.4765625,888.734375,NVIDIA RTX PRO 6000 Blackwell Workstation Edition,GPU-8cfe9244-1717-6a32-51e7-29fa37aa16b7,595.84,100.0,81.0,89444.0,97887.0,463.83,82.0,2827.0,
2026-08-09T02:21:32.803078Z,1.38525390625,2.03857421875,3.27783203125,116796.46875,126455.4765625,888.734375,NVIDIA RTX PRO 6000 Blackwell Workstation Edition,GPU-8cfe9244-1717-6a32-51e7-29fa37aa16b7,595.84,100.0,80.0,89444.0,97887.0,482.38,77.0,2670.0,
2026-08-09T02:21:33.828423Z,1.38525390625,2.03857421875,3.27783203125,116783.19140625,126455.4765625,888.734375,NVIDIA RTX PRO 6000 Blackwell Workstation Edition,GPU-8cfe9244-1717-6a32-51e7-29fa37aa16b7,595.84,100.0,81.0,89444.0,97887.0,442.92,77.0,2827.0,
2026-08-09T02:21:34.851071Z,1.38525390625,2.03857421875,3.27783203125,116778.703125,126455.4765625,888.734375,NVIDIA RTX PRO 6000 Blackwell Workstation Edition,GPU-8cfe9244-1717-6a32-51e7-29fa37aa16b7,595.84,100.0,63.0,89444.0,97887.0,465.95,78.0,2760.0,
2026-08-09T02:21:35.875868Z,1.38525390625,2.03857421875,3.27783203125,116770.98046875,126455.4765625,888.734375,NVIDIA RTX PRO 6000 Blackwell Workstation Edition,GPU-8cfe9244-1717-6a32-51e7-29fa37aa16b7,595.84,100.0,81.0,89444.0,97887.0,446.81,78.0,2827.0,
2026-08-09T02:21:36.898316Z,1.35400390625,2.02099609375,3.26513671875,116810.60546875,126455.4765625,888.734375,NVIDIA RTX PRO 6000 Blackwell Workstation Edition,GPU-8cfe9244-1717-6a32-51e7-29fa37aa16b7,595.84,100.0,81.0,89444.0,97887.0,442.48,77.0,2827.0,
2026-08-09T02:21:37.921548Z,1.35400390625,2.02099609375,3.26513671875,116814.37109375,126455.4765625,888.734375,NVIDIA RTX PRO 6000 Blackwell Workstation Edition,GPU-8cfe9244-1717-6a32-51e7-29fa37aa16b7,595.84,100.0,79.0,89444.0,97887.0,432.39,76.0,2827.0,
2026-08-09T02:21:38.949819Z,1.35400390625,2.02099609375,3.26513671875,116796.4296875,126455.4765625,888.734375,NVIDIA RTX PRO 6000 Blackwell Workstation Edition,GPU-8cfe9244-1717-6a32-51e7-29fa37aa16b7,595.84,100.0,81.0,89444.0,97887.0,473.49,77.0,2805.0,
2026-08-09T02:21:39.971452Z,1.35400390625,2.02099609375,3.26513671875,116796.52734375,126455.4765625,888.734375,NVIDIA RTX PRO 6000 Blackwell Workstation Edition,GPU-8cfe9244-1717-6a32-51e7-29fa37aa16b7,595.84,100.0,80.0,89444.0,97887.0,483.34,77.0,2677.0,
2026-08-09T02:21:40.993981Z,1.35400390625,2.02099609375,3.26513671875,116783.99609375,126455.4765625,888.734375,NVIDIA RTX PRO 6000 Blackwell Workstation Edition,GPU-8cfe9244-1717-6a32-51e7-29fa37aa16b7,595.84,100.0,77.0,89444.0,97887.0,449.42,79.0,2827.0,
2026-08-09T02:21:42.020157Z,1.3251953125,2.00390625,3.2529296875,116754.6875,126455.4765625,888.734375,NVIDIA RTX PRO 6000 Blackwell Workstation Edition,GPU-8cfe9244-1717-6a32-51e7-29fa37aa16b7,595.84,100.0,82.0,89444.0,97887.0,445.24,77.0,2827.0,
2026-08-09T02:21:43.042488Z,1.3251953125,2.00390625,3.2529296875,116769.1484375,126455.4765625,888.734375,NVIDIA RTX PRO 6000 Blackwell Workstation Edition,GPU-8cfe9244-1717-6a32-51e7-29fa37aa16b7,595.84,100.0,80.0,89444.0,97887.0,453.48,78.0,2805.0,
2026-08-09T02:21:44.064879Z,1.3251953125,2.00390625,3.2529296875,116764.84765625,126455.4765625,888.734375,NVIDIA RTX PRO 6000 Blackwell Workstation Edition,GPU-8cfe9244-1717-6a32-51e7-29fa37aa16b7,595.84,100.0,81.0,89444.0,97887.0,439.65,76.0,2827.0,
2026-08-09T02:21:45.088834Z,1.3251953125,2.00390625,3.2529296875,116774.9375,126455.4765625,888.734375,NVIDIA RTX PRO 6000 Blackwell Workstation Edition,GPU-8cfe9244-1717-6a32-51e7-29fa37aa16b7,595.84,100.0,81.0,89444.0,97887.0,463.41,77.0,2827.0,
2026-08-09T02:21:46.110994Z,1.3251953125,2.00390625,3.2529296875,116739.81640625,126455.4765625,888.734375,NVIDIA RTX PRO 6000 Blackwell Workstation Edition,GPU-8cfe9244-1717-6a32-51e7-29fa37aa16b7,595.84,100.0,78.0,89444.0,97887.0,472.04,77.0,2827.0,
2026-08-09T02:21:47.133796Z,1.298828125,1.98681640625,3.24072265625,116773.75,126455.4765625,888.75,NVIDIA RTX PRO 6000 Blackwell Workstation Edition,GPU-8cfe9244-1717-6a32-51e7-29fa37aa16b7,595.84,100.0,81.0,89444.0,97887.0,434.3,77.0,2827.0,
2026-08-09T02:21:48.156707Z,1.298828125,1.98681640625,3.24072265625,116758.71875,126455.4765625,888.7578125,NVIDIA RTX PRO 6000 Blackwell Workstation Edition,GPU-8cfe9244-1717-6a32-51e7-29fa37aa16b7,595.84,100.0,79.0,89444.0,97887.0,444.08,77.0,2827.0,
2026-08-09T02:21:49.179418Z,1.298828125,1.98681640625,3.24072265625,116760.515625,126455.4765625,888.7578125,NVIDIA RTX PRO 6000 Blackwell Workstation Edition,GPU-8cfe9244-1717-6a32-51e7-29fa37aa16b7,595.84,100.0,81.0,89444.0,97887.0,446.14,76.0,2827.0,
2026-08-09T02:21:50.201716Z,1.298828125,1.98681640625,3.24072265625,116771.1328125,126455.4765625,888.7578125,NVIDIA RTX PRO 6000 Blackwell Workstation Edition,GPU-8cfe9244-1717-6a32-51e7-29fa37aa16b7,595.84,100.0,80.0,89444.0,97887.0,452.8,78.0,2827.0,
2026-08-09T02:21:51.223659Z,1.298828125,1.98681640625,3.24072265625,116761.50390625,126455.4765625,888.7578125,NVIDIA RTX PRO 6000 Blackwell Workstation Edition,GPU-8cfe9244-1717-6a32-51e7-29fa37aa16b7,595.84,100.0,81.0,89444.0,97887.0,449.43,77.0,2827.0,
2026-08-09T02:21:52.245126Z,1.2744140625,1.97021484375,3.228515625,116756.92578125,126455.4765625,888.7578125,NVIDIA RTX PRO 6000 Blackwell Workstation Edition,GPU-8cfe9244-1717-6a32-51e7-29fa37aa16b7,595.84,100.0,71.0,89444.0,97887.0,469.78,82.0,2677.0,
2026-08-09T02:21:53.267390Z,1.2744140625,1.97021484375,3.228515625,116745.89453125,126455.4765625,888.7578125,NVIDIA RTX PRO 6000 Blackwell Workstation Edition,GPU-8cfe9244-1717-6a32-51e7-29fa37aa16b7,595.84,100.0,79.0,89444.0,97887.0,467.22,77.0,2827.0,
2026-08-09T02:21:54.289749Z,1.2744140625,1.97021484375,3.228515625,116730.16015625,126455.4765625,888.7578125,NVIDIA RTX PRO 6000 Blackwell Workstation Edition,GPU-8cfe9244-1717-6a32-51e7-29fa37aa16b7,595.84,100.0,82.0,89444.0,97887.0,432.95,77.0,2827.0,
2026-08-09T02:21:55.312693Z,1.2744140625,1.97021484375,3.228515625,116730.828125,126455.4765625,888.7578125,NVIDIA RTX PRO 6000 Blackwell Workstation Edition,GPU-8cfe9244-1717-6a32-51e7-29fa37aa16b7,595.84,100.0,74.0,89444.0,97887.0,462.58,81.0,2812.0,
2026-08-09T02:21:56.331071Z,1.2744140625,1.97021484375,3.228515625,116702.75390625,126455.4765625,888.7578125,NVIDIA RTX PRO 6000 Blackwell Workstation Edition,GPU-8cfe9244-1717-6a32-51e7-29fa37aa16b7,595.84,100.0,81.0,89444.0,97887.0,481.82,77.0,2827.0,
2026-08-09T02:21:57.354443Z,1.49267578125,2.00439453125,3.23291015625,116737.93359375,126455.4765625,888.7578125,NVIDIA RTX PRO 6000 Blackwell Workstation Edition,GPU-8cfe9244-1717-6a32-51e7-29fa37aa16b7,595.84,100.0,81.0,89444.0,97887.0,435.5,77.0,2827.0,
2026-08-09T02:21:58.378018Z,1.49267578125,2.00439453125,3.23291015625,116735.84765625,126455.4765625,888.765625,NVIDIA RTX PRO 6000 Blackwell Workstation Edition,GPU-8cfe9244-1717-6a32-51e7-29fa37aa16b7,595.84,100.0,81.0,89444.0,97887.0,442.84,77.0,2827.0,
2026-08-09T02:21:59.401546Z,1.49267578125,2.00439453125,3.23291015625,116735.84375,126455.4765625,888.76953125,NVIDIA RTX PRO 6000 Blackwell Workstation Edition,GPU-8cfe9244-1717-6a32-51e7-29fa37aa16b7,595.84,100.0,81.0,89444.0,97887.0,473.54,77.0,2805.0,
2026-08-09T02:22:00.424456Z,1.49267578125,2.00439453125,3.23291015625,116756.3203125,126455.4765625,888.76953125,NVIDIA RTX PRO 6000 Blackwell Workstation Edition,GPU-8cfe9244-1717-6a32-51e7-29fa37aa16b7,595.84,100.0,80.0,89444.0,97887.0,435.58,78.0,2827.0,
2026-08-09T02:22:01.446981Z,1.49267578125,2.00439453125,3.23291015625,116785.29296875,126455.4765625,888.7890625,NVIDIA RTX PRO 6000 Blackwell Workstation Edition,GPU-8cfe9244-1717-6a32-51e7-29fa37aa16b7,595.84,100.0,81.0,89444.0,97887.0,448.57,77.0,2805.0,
2026-08-09T02:22:02.471443Z,1.53369140625,2.00390625,3.22607421875,116783.80078125,126455.4765625,888.7890625,NVIDIA RTX PRO 6000 Blackwell Workstation Edition,GPU-8cfe9244-1717-6a32-51e7-29fa37aa16b7,595.84,100.0,81.0,89444.0,97887.0,468.85,77.0,2827.0,
2026-08-09T02:22:03.497716Z,1.53369140625,2.00390625,3.22607421875,116773.40234375,126455.4765625,888.7890625,NVIDIA RTX PRO 6000 Blackwell Workstation Edition,GPU-8cfe9244-1717-6a32-51e7-29fa37aa16b7,595.84,100.0,81.0,89444.0,97887.0,439.0,77.0,2805.0,
2026-08-09T02:22:04.520967Z,1.53369140625,2.00390625,3.22607421875,116773.5390625,126455.4765625,888.7890625,NVIDIA RTX PRO 6000 Blackwell Workstation Edition,GPU-8cfe9244-1717-6a32-51e7-29fa37aa16b7,595.84,100.0,82.0,89444.0,97887.0,444.39,77.0,2827.0,
2026-08-09T02:22:05.543571Z,1.53369140625,2.00390625,3.22607421875,116764.8984375,126455.4765625,888.7890625,NVIDIA RTX PRO 6000 Blackwell Workstation Edition,GPU-8cfe9244-1717-6a32-51e7-29fa37aa16b7,595.84,100.0,79.0,89444.0,97887.0,449.38,76.0,2827.0,
2026-08-09T02:22:06.566286Z,1.53369140625,2.00390625,3.22607421875,116745.95703125,126455.4765625,888.7890625,NVIDIA RTX PRO 6000 Blackwell Workstation Edition,GPU-8cfe9244-1717-6a32-51e7-29fa37aa16b7,595.84,100.0,83.0,89444.0,97887.0,455.54,78.0,2760.0,
2026-08-09T02:22:07.588481Z,1.49072265625,1.98681640625,3.2138671875,116753.828125,126455.4765625,888.79296875,NVIDIA RTX PRO 6000 Blackwell Workstation Edition,GPU-8cfe9244-1717-6a32-51e7-29fa37aa16b7,595.84,100.0,79.0,89444.0,97887.0,462.41,78.0,2790.0,
2026-08-09T02:22:08.610606Z,1.49072265625,1.98681640625,3.2138671875,116770.26953125,126455.4765625,888.79296875,NVIDIA RTX PRO 6000 Blackwell Workstation Edition,GPU-8cfe9244-1717-6a32-51e7-29fa37aa16b7,595.84,100.0,80.0,89444.0,97887.0,429.92,76.0,2827.0,
2026-08-09T02:22:09.634596Z,1.49072265625,1.98681640625,3.2138671875,116769.40234375,126455.4765625,888.79296875,NVIDIA RTX PRO 6000 Blackwell Workstation Edition,GPU-8cfe9244-1717-6a32-51e7-29fa37aa16b7,595.84,100.0,81.0,89444.0,97887.0,469.6,77.0,2805.0,
2026-08-09T02:22:10.657120Z,1.49072265625,1.98681640625,3.2138671875,116734.05859375,126455.4765625,888.79296875,NVIDIA RTX PRO 6000 Blackwell Workstation Edition,GPU-8cfe9244-1717-6a32-51e7-29fa37aa16b7,595.84,100.0,80.0,89444.0,97887.0,437.89,76.0,2827.0,
2026-08-09T02:22:11.681955Z,1.49072265625,1.98681640625,3.2138671875,116720.53515625,126455.4765625,888.79296875,NVIDIA RTX PRO 6000 Blackwell Workstation Edition,GPU-8cfe9244-1717-6a32-51e7-29fa37aa16b7,595.84,100.0,79.0,89444.0,97887.0,454.76,78.0,2827.0,
2026-08-09T02:22:12.703947Z,1.451171875,1.97021484375,3.20166015625,116744.984375,126455.4765625,888.79296875,NVIDIA RTX PRO 6000 Blackwell Workstation Edition,GPU-8cfe9244-1717-6a32-51e7-29fa37aa16b7,595.84,100.0,69.0,89444.0,97887.0,441.29,82.0,2827.0,
2026-08-09T02:22:13.727862Z,1.451171875,1.97021484375,3.20166015625,116751.91796875,126455.4765625,888.79296875,NVIDIA RTX PRO 6000 Blackwell Workstation Edition,GPU-8cfe9244-1717-6a32-51e7-29fa37aa16b7,595.84,100.0,82.0,89444.0,97887.0,474.73,77.0,2820.0,
2026-08-09T02:22:14.750782Z,1.451171875,1.97021484375,3.20166015625,116766.1484375,126455.4765625,888.79296875,NVIDIA RTX PRO 6000 Blackwell Workstation Edition,GPU-8cfe9244-1717-6a32-51e7-29fa37aa16b7,595.84,100.0,81.0,89444.0,97887.0,429.94,77.0,2827.0,
2026-08-09T02:22:15.776269Z,1.451171875,1.97021484375,3.20166015625,116743.26171875,126455.4765625,888.79296875,NVIDIA RTX PRO 6000 Blackwell Workstation Edition,GPU-8cfe9244-1717-6a32-51e7-29fa37aa16b7,595.84,100.0,75.0,89444.0,97887.0,445.99,79.0,2827.0,
2026-08-09T02:22:16.799133Z,1.451171875,1.97021484375,3.20166015625,116738.21875,126455.4765625,888.79296875,NVIDIA RTX PRO 6000 Blackwell Workstation Edition,GPU-8cfe9244-1717-6a32-51e7-29fa37aa16b7,595.84,100.0,80.0,89444.0,97887.0,494.6,78.0,2707.0,
2026-08-09T02:22:17.823020Z,1.4150390625,1.9541015625,3.189453125,116695.12109375,126455.4765625,888.79296875,NVIDIA RTX PRO 6000 Blackwell Workstation Edition,GPU-8cfe9244-1717-6a32-51e7-29fa37aa16b7,595.84,100.0,79.0,89444.0,97887.0,444.0,79.0,2827.0,
2026-08-09T02:22:18.845143Z,1.4150390625,1.9541015625,3.189453125,116737.5390625,126455.4765625,888.79296875,NVIDIA RTX PRO 6000 Blackwell Workstation Edition,GPU-8cfe9244-1717-6a32-51e7-29fa37aa16b7,595.84,100.0,80.0,89444.0,97887.0,442.49,77.0,2827.0,
2026-08-09T02:22:19.863378Z,1.4150390625,1.9541015625,3.189453125,116754.390625,126455.4765625,888.79296875,NVIDIA RTX PRO 6000 Blackwell Workstation Edition,GPU-8cfe9244-1717-6a32-51e7-29fa37aa16b7,595.84,100.0,82.0,89444.0,97887.0,462.09,77.0,2827.0,
2026-08-09T02:22:20.886753Z,1.4150390625,1.9541015625,3.189453125,116723.34375,126455.4765625,888.79296875,NVIDIA RTX PRO 6000 Blackwell Workstation Edition,GPU-8cfe9244-1717-6a32-51e7-29fa37aa16b7,595.84,100.0,78.0,89444.0,97887.0,466.39,80.0,2775.0,
2026-08-09T02:22:21.909700Z,1.38134765625,1.93798828125,3.17724609375,116728.41796875,126455.4765625,888.79296875,NVIDIA RTX PRO 6000 Blackwell Workstation Edition,GPU-8cfe9244-1717-6a32-51e7-29fa37aa16b7,595.84,100.0,82.0,89444.0,97887.0,469.93,77.0,2827.0,
2026-08-09T02:22:22.930999Z,1.38134765625,1.93798828125,3.17724609375,116719.30078125,126455.4765625,888.79296875,NVIDIA RTX PRO 6000 Blackwell Workstation Edition,GPU-8cfe9244-1717-6a32-51e7-29fa37aa16b7,595.84,100.0,74.0,89444.0,97887.0,428.34,77.0,2827.0,
